측정시간,로트번호,웨이퍼번호,설비번호,공정명,작업조,온도_섭씨,압력_Pa,진공도_mTorr,두께_nm,진동_mm_s,처리시간_sec,냉각수온도_섭씨,습도_pct,불량유형,검사결과
2024-03-01 00:00,LOT-0271,16,EQ-01,포토,A조,300.0,1015.4,5.4,102.62,0.497,118.0,20.09,41.4,,0
2024-03-01 01:00,LOT-0086,18,EQ-01,산화,B조,300.6,1009.4,4.62,98.3,0.513,109.8,17.99,41.4,,0
2024-03-01 07:00,LOT-0107,2,EQ-02,산화,A조,298.6,1008.1,5.5,100.1,0.528,124.4,20.2,41.3,,0
2024-03-01 08:00,LOT-0057,25,EQ-04,증착,C조,295.4,1015.8,5.13,93.31,0.442,124.6,19.9,46.0,,0
2024-03-01 12:00,LOT-0424,20,EQ-04,세정,A조,302.9,1014.2,4.52,104.34,0.49,122.6,22.06,42.0,두께 불량,1
2024-03-01 15:00,LOT-0770,14,EQ-02,산화,B조,304.0,1002.5,5.38,104.67,0.531,121.5,20.86,40.6,,0
2024-03-01 22:00,LOT-0844,19,EQ-03,산화,B조,298.7,1024.4,5.24,99.21,0.476,127.9,19.83,47.4,,0
2024-03-02 09:00,LOT-0031,2,EQ-01,식각,B조,297.5,1029.9,5.01,99.31,0.595,115.1,19.08,41.8,,0
2024-03-02 12:00,LOT-0845,14,EQ-02,증착,C조,297.3,1015.0,4.62,102.09,0.603,119.2,20.93,48.9,,0
2024-03-02 13:00,LOT-0678,4,EQ-02,산화,A조,305.8,1016.1,5.28,102.43,0.658,126.7,20.06,41.5,,0
2024-03-02 14:00,LOT-0805,9,EQ-01,식각,B조,301.6,1023.5,4.77,103.17,0.531,114.6,22.3,44.5,,0
2024-03-02 22:00,LOT-0703,21,EQ-03,산화,A조,297.6,1025.2,4.89,100.8,0.547,115.5,18.94,38.6,,0
2024-03-03 05:00,LOT-0120,12,EQ-01,산화,A조,298.3,997.6,5.14,99.15,0.527,125.7,19.57,45.0,,0
2024-03-03 08:00,LOT-0309,2,EQ-02,식각,B조,292.6,1003.6,5.54,95.05,0.835,124.6,19.27,44.3,식각 부족,1
2024-03-03 19:00,LOT-0087,14,EQ-02,포토,A조,299.9,1008.8,5.02,99.08,0.69,122.0,18.2,43.7,,0
2024-03-03 23:00,LOT-0080,7,EQ-03,세정,B조,299.8,1022.5,4.41,99.15,0.487,121.7,19.53,51.5,,0
2024-03-04 04:00,LOT-0213,20,EQ-01,식각,A조,300.8,991.9,4.54,99.4,0.481,127.2,19.5,43.8,,0
2024-03-04 22:00,LOT-0823,3,EQ-02,세정,A조,300.8,1021.1,4.63,103.66,0.716,115.7,20.58,40.8,,0
2024-03-05 01:00,LOT-0375,23,EQ-04,식각,B조,298.8,995.7,4.96,97.55,0.53,108.0,20.35,53.0,,0
2024-03-05 02:00,LOT-0499,24,EQ-01,포토,A조,295.9,1023.2,4.64,95.45,0.472,126.6,21.35,39.7,,0
2024-03-05 03:00,LOT-0676,10,EQ-02,증착,C조,303.7,1012.6,5.58,99.03,0.698,118.1,20.82,43.0,,0
2024-03-05 07:00,LOT-0293,19,EQ-01,식각,B조,298.0,1008.7,4.82,95.35,0.468,122.9,18.65,48.2,,0
2024-03-05 09:00,LOT-0887,23,EQ-01,포토,B조,297.7,1003.8,4.66,99.78,0.484,111.5,18.78,46.3,,0
2024-03-05 11:00,LOT-0416,10,EQ-04,포토,C조,289.0,999.3,5.07,96.17,0.518,129.5,21.07,48.5,,0
2024-03-05 14:00,LOT-0328,23,EQ-03,세정,B조,302.3,1024.4,5.13,102.22,0.469,118.8,20.51,47.6,,0
2024-03-05 18:00,LOT-0106,4,EQ-04,식각,C조,297.1,1021.1,4.91,96.84,0.552,116.8,17.98,47.9,,0
2024-03-05 22:00,LOT-0876,10,EQ-01,산화,C조,295.2,1017.6,5.05,99.55,0.489,116.7,19.93,45.8,,0
2024-03-06 00:00,LOT-0831,5,EQ-04,증착,C조,306.8,1007.6,5.15,104.56,0.523,112.5,22.22,43.5,,0
2024-03-06 05:00,LOT-0087,4,EQ-03,포토,A조,298.8,1025.4,4.95,97.5,0.457,120.3,20.51,49.8,,0
2024-03-06 07:00,LOT-0096,18,EQ-01,산화,C조,297.2,1002.7,4.53,101.3,0.558,119.0,20.84,49.1,,0
2024-03-06 12:00,LOT-0181,9,EQ-04,포토,C조,309.0,999.4,4.82,105.22,0.428,117.0,20.11,42.5,,0
2024-03-06 22:00,LOT-0022,5,EQ-04,산화,C조,302.7,1010.8,4.67,107.41,0.508,103.2,20.31,44.1,,0
2024-03-06 23:00,LOT-0606,16,EQ-04,식각,B조,305.2,1025.8,4.83,103.11,0.513,126.8,19.34,40.7,,0
2024-03-07 04:00,LOT-0642,12,EQ-04,증착,B조,298.5,1007.8,4.88,99.18,0.525,125.6,20.04,45.8,오염,1
2024-03-07 08:00,LOT-0770,8,EQ-03,산화,B조,298.8,1006.5,4.75,98.33,0.441,123.1,19.55,41.2,,0
2024-03-07 12:00,LOT-0418,17,EQ-03,포토,B조,301.3,1037.4,4.91,101.34,0.565,104.4,23.99,51.6,,0
2024-03-07 14:00,LOT-0255,22,EQ-03,산화,B조,303.0,1010.9,4.37,103.3,0.533,134.4,19.85,43.4,,0
2024-03-07 18:00,LOT-0691,9,EQ-03,세정,B조,298.3,1021.5,5.25,101.08,0.501,117.9,19.65,51.5,,0
2024-03-07 20:00,LOT-0503,7,EQ-02,산화,B조,300.9,1009.5,5.41,102.2,0.659,129.2,21.06,40.3,,0
2024-03-07 22:00,LOT-0137,14,EQ-03,산화,A조,298.2,1008.3,4.97,101.02,0.425,112.0,21.59,46.7,,0
2024-03-08 01:00,LOT-0555,8,EQ-03,세정,C조,301.5,1024.7,5.44,100.64,0.55,118.0,20.38,55.1,,0
2024-03-08 05:00,LOT-0471,16,EQ-01,포토,A조,306.8,1004.7,4.44,100.24,0.537,119.5,19.48,43.6,,0
2024-03-08 12:00,LOT-0320,11,EQ-01,증착,B조,300.2,1008.0,5.13,101.33,0.579,117.7,22.48,41.9,,0
2024-03-08 14:00,LOT-0822,21,EQ-01,세정,C조,301.1,1008.9,4.9,100.22,0.591,129.1,20.26,47.8,,0
2024-03-08 17:00,LOT-0225,16,EQ-02,식각,B조,296.4,1006.2,4.59,98.18,0.726,121.0,20.21,49.1,,0
2024-03-09 04:00,LOT-0278,8,EQ-01,산화,B조,304.8,1007.5,4.97,100.75,0.588,122.2,20.97,46.5,,0
2024-03-09 12:00,LOT-0742,17,EQ-01,포토,A조,297.5,1014.1,5.28,102.2,0.444,120.9,20.27,49.1,,0
2024-03-09 14:00,LOT-0435,6,EQ-03,증착,B조,298.4,1024.5,4.63,95.92,0.464,123.4,19.0,42.9,,0
2024-03-09 17:00,LOT-0508,17,EQ-01,산화,B조,301.0,998.1,5.29,98.52,0.467,118.6,18.59,48.3,,0
2024-03-09 21:00,LOT-0095,7,EQ-04,세정,C조,300.0,1022.6,4.88,98.87,0.479,109.8,20.89,52.6,,0
2024-03-10 04:00,LOT-0587,19,EQ-02,식각,C조,298.7,1028.5,4.78,98.97,0.67,116.9,20.47,40.7,,0
2024-03-10 05:00,LOT-0898,10,EQ-03,포토,C조,301.0,1023.1,5.1,99.79,0.525,120.9,18.38,43.2,파티클,1
2024-03-10 09:00,LOT-0111,19,EQ-02,증착,C조,293.2,999.8,4.67,96.02,0.581,114.4,20.28,46.2,,0
2024-03-10 11:00,LOT-0352,19,EQ-04,식각,C조,313.3,1016.0,4.83,104.35,0.614,116.8,22.34,48.6,,0
2024-03-10 14:00,LOT-0383,7,EQ-01,산화,B조,294.0,1015.6,4.44,95.68,0.546,122.2,19.53,43.5,,0
2024-03-10 15:00,LOT-0808,3,EQ-02,포토,B조,302.8,1005.8,5.35,102.49,0.593,126.8,20.0,40.7,,0
2024-03-10 16:00,LOT-0596,18,EQ-02,증착,B조,300.1,1019.4,4.5,101.84,0.617,110.5,20.29,41.0,,0
2024-03-10 20:00,LOT-0148,1,EQ-04,증착,A조,299.3,1016.0,5.37,97.89,0.506,114.1,22.0,50.2,,0
2024-03-11 04:00,LOT-0537,20,EQ-01,식각,C조,293.5,1008.5,4.91,97.38,0.442,118.1,21.54,42.4,,0
2024-03-11 11:00,LOT-0523,20,EQ-03,증착,C조,303.6,1036.0,5.93,102.49,0.556,118.9,19.81,47.5,,0
2024-03-11 14:00,LOT-0471,11,EQ-04,증착,B조,300.2,1009.2,5.81,100.7,0.522,117.8,19.73,44.3,,0
2024-03-12 01:00,LOT-0638,7,EQ-02,포토,A조,299.5,1009.8,4.85,98.7,0.665,118.6,19.12,44.5,,0
2024-03-12 05:00,LOT-0191,18,EQ-01,세정,A조,306.7,1014.2,5.52,100.08,0.498,119.0,19.18,49.9,,0
2024-03-12 12:00,LOT-0734,20,EQ-04,포토,B조,306.1,1007.6,4.61,108.19,0.385,110.6,20.16,43.9,,0
2024-03-12 21:00,LOT-0747,11,EQ-01,증착,C조,296.2,1015.3,4.77,96.48,0.467,117.2,19.95,42.1,,0
2024-03-13 08:00,LOT-0842,15,EQ-03,식각,C조,298.3,1022.3,4.95,98.99,0.45,118.9,21.28,52.8,,0
2024-03-13 09:00,LOT-0161,5,EQ-02,포토,B조,302.3,1010.9,4.46,100.45,0.604,121.3,20.59,39.5,,0
2024-03-13 10:00,LOT-0486,21,EQ-03,포토,B조,298.6,1021.3,5.43,98.11,0.521,114.0,21.6,45.7,,0
2024-03-13 14:00,LOT-0693,8,EQ-02,세정,A조,308.4,1012.6,4.58,104.49,0.603,115.8,21.62,43.2,,0
2024-03-13 17:00,LOT-0682,18,EQ-03,세정,C조,302.4,1040.2,4.6,99.59,0.508,115.1,20.71,46.3,,0
2024-03-13 19:00,LOT-0082,21,EQ-01,산화,A조,304.3,1001.7,4.87,104.74,0.539,115.3,18.76,47.4,,0
2024-03-14 05:00,LOT-0862,21,EQ-02,포토,B조,300.7,1020.4,5.21,100.61,0.649,114.6,19.9,45.9,,0
2024-03-14 13:00,LOT-0060,8,EQ-04,산화,A조,297.3,1007.9,4.92,96.11,0.589,124.3,20.4,45.8,,0
2024-03-14 14:00,LOT-0839,21,EQ-01,세정,B조,296.7,1007.2,5.21,99.48,0.371,112.5,20.12,47.9,,0
2024-03-14 16:00,LOT-0803,12,EQ-02,식각,B조,292.4,1004.6,5.07,97.73,0.539,122.2,17.42,42.8,,0
2024-03-14 18:00,LOT-0892,4,EQ-04,산화,A조,304.2,1006.8,5.09,100.13,0.428,116.8,20.15,47.0,,0
2024-03-14 19:00,LOT-0258,14,EQ-02,세정,A조,294.4,1015.4,5.22,96.28,0.711,117.2,20.27,48.7,,0
2024-03-14 20:00,LOT-0295,4,EQ-03,증착,B조,301.3,1024.1,4.53,102.66,0.53,128.7,18.38,44.8,,0
2024-03-15 01:00,LOT-0638,13,EQ-02,포토,B조,287.4,1015.8,4.77,91.44,0.678,135.5,17.15,45.0,두께 불량,1
2024-03-15 03:00,LOT-0854,2,EQ-03,세정,A조,300.4,1026.4,4.7,99.37,0.462,121.6,19.51,44.2,,0
2024-03-15 06:00,LOT-0864,13,EQ-01,증착,A조,295.1,1003.5,4.56,97.71,0.363,122.9,21.87,42.6,,0
2024-03-15 09:00,LOT-0225,23,EQ-03,식각,C조,301.2,1007.9,5.76,104.05,0.414,131.0,21.39,48.7,,0
2024-03-15 15:00,LOT-0088,23,EQ-04,포토,A조,288.6,1009.2,5.07,96.1,0.5,117.6,20.85,43.6,,0
2024-03-15 19:00,LOT-0761,7,EQ-02,식각,C조,299.2,1007.8,4.51,101.76,0.616,113.0,19.77,47.5,,0
2024-03-15 21:00,LOT-0413,7,EQ-02,포토,C조,292.9,997.8,5.11,94.99,0.603,119.8,19.42,43.7,패턴 불량,1
2024-03-15 22:00,LOT-0588,10,EQ-02,포토,C조,298.1,1019.6,5.0,96.52,0.616,116.0,20.48,47.6,패턴 불량,1
2024-03-16 08:00,LOT-0679,17,EQ-04,산화,A조,296.5,1023.6,5.24,99.06,0.567,129.0,21.49,47.3,,0
2024-03-16 11:00,LOT-0501,7,EQ-01,증착,A조,302.9,1022.1,4.93,104.7,0.516,120.5,19.05,49.0,,0
2024-03-16 12:00,LOT-0893,2,EQ-01,증착,C조,296.6,999.2,5.73,101.74,0.484,117.9,17.98,39.5,,0
2024-03-16 14:00,LOT-0064,7,EQ-02,식각,A조,307.4,1015.7,4.5,102.33,0.546,132.7,19.81,44.3,,0
2024-03-16 17:00,LOT-0432,6,EQ-01,세정,A조,295.3,1025.0,5.08,102.17,0.482,121.2,18.75,46.7,,0
2024-03-16 22:00,LOT-0341,8,EQ-02,증착,C조,302.6,1017.1,4.75,104.53,0.697,116.0,19.53,41.4,,0
2024-03-17 15:00,LOT-0202,13,EQ-03,세정,C조,297.9,1030.3,4.82,102.36,0.522,113.7,20.44,43.1,,0
2024-03-17 18:00,LOT-0427,7,EQ-02,산화,A조,296.2,1016.2,5.6,102.33,0.674,112.9,21.13,47.9,,0
2024-03-18 18:00,LOT-0827,22,EQ-04,산화,C조,301.0,1019.0,5.45,100.26,0.532,124.1,20.88,52.2,,0
2024-03-18 20:00,LOT-0212,6,EQ-03,산화,C조,294.4,1034.3,5.37,100.01,0.449,109.4,20.15,50.6,,0
2024-03-19 06:00,LOT-0378,14,EQ-02,증착,C조,315.7,993.5,5.41,110.57,0.653,114.4,20.65,41.8,,0
2024-03-19 14:00,LOT-0572,18,EQ-03,증착,B조,296.2,1034.9,4.97,103.6,0.502,119.8,20.79,45.7,,0
2024-03-19 17:00,LOT-0797,23,EQ-02,세정,C조,299.4,1008.2,4.68,100.01,0.652,120.1,19.29,42.3,,0
2024-03-19 22:00,LOT-0809,9,EQ-03,세정,A조,304.5,1039.3,5.91,96.84,0.569,119.9,20.69,41.4,,0
2024-03-20 09:00,LOT-0212,9,EQ-04,산화,B조,298.9,1016.6,5.5,104.06,0.45,115.8,17.23,42.1,,0
2024-03-20 13:00,LOT-0232,4,EQ-01,증착,A조,299.5,1009.0,5.73,97.39,0.519,114.0,20.46,44.5,,0
2024-03-20 17:00,LOT-0728,21,EQ-02,증착,C조,305.7,1019.6,5.35,99.98,0.681,118.0,21.61,43.6,,0
2024-03-20 22:00,LOT-0751,3,EQ-03,세정,B조,300.0,1030.5,4.81,101.56,0.441,121.4,21.72,42.6,,0
2024-03-20 23:00,LOT-0502,4,EQ-02,산화,A조,298.8,1005.7,5.24,99.56,0.63,127.4,19.55,47.9,,0
2024-03-21 02:00,LOT-0071,17,EQ-03,포토,B조,296.0,1019.5,4.9,98.44,0.539,118.7,17.89,44.7,정렬 불량,1
2024-03-21 03:00,LOT-0257,24,EQ-04,증착,B조,306.3,1018.4,5.4,104.08,0.487,126.0,20.86,43.9,,0
2024-03-21 05:00,LOT-0260,21,EQ-04,세정,B조,296.5,1008.1,5.06,98.12,0.483,111.5,19.94,43.1,식각 부족,1
2024-03-21 13:00,LOT-0138,7,EQ-03,세정,C조,301.8,1015.6,5.28,97.36,0.443,129.4,19.37,43.7,,0
2024-03-21 17:00,LOT-0820,13,EQ-02,증착,B조,296.6,1004.7,5.48,102.35,0.679,122.0,19.66,41.0,,0
2024-03-21 18:00,LOT-0574,25,EQ-01,세정,B조,300.4,1006.3,4.46,102.23,0.459,121.9,21.21,43.2,,0
2024-03-22 04:00,LOT-0003,12,EQ-01,식각,C조,303.8,1017.4,5.41,106.13,0.478,121.2,20.55,49.9,,0
2024-03-22 06:00,LOT-0175,2,EQ-02,증착,A조,296.9,996.3,4.9,96.78,0.646,124.0,18.89,44.8,,0
2024-03-22 14:00,LOT-0213,16,EQ-03,증착,B조,296.4,1029.1,4.46,98.28,0.49,111.8,19.98,46.0,,0
2024-03-22 19:00,LOT-0709,21,EQ-02,식각,C조,300.1,1017.3,4.96,98.67,0.657,118.5,20.57,39.6,,0
2024-03-22 20:00,LOT-0030,20,EQ-01,포토,A조,298.3,1008.5,4.68,98.23,0.339,119.7,17.71,42.2,,0
2024-03-22 21:00,LOT-0468,4,EQ-01,증착,C조,302.8,1013.0,5.06,100.67,0.491,113.6,20.44,45.4,,0
2024-03-23 06:00,LOT-0483,16,EQ-03,식각,C조,296.8,1027.7,5.02,98.76,0.567,133.3,21.39,46.6,,0
2024-03-23 10:00,LOT-0107,7,EQ-04,산화,B조,308.8,1011.1,4.96,103.47,0.467,120.9,21.46,42.4,패턴 불량,1
2024-03-23 11:00,LOT-0581,13,EQ-02,증착,B조,293.8,998.2,4.96,101.18,0.586,112.2,18.79,43.0,,0
2024-03-23 13:00,LOT-0001,21,EQ-01,증착,A조,298.9,1009.0,4.73,102.64,0.55,126.1,21.51,46.6,,0
2024-03-23 22:00,LOT-0837,11,EQ-01,세정,A조,302.8,1016.0,5.27,104.7,0.441,124.5,17.43,44.8,,0
2024-03-24 02:00,LOT-0394,7,EQ-03,포토,C조,296.9,1020.4,4.46,98.98,0.508,127.2,21.85,42.1,,0
2024-03-24 03:00,LOT-0309,10,EQ-01,세정,C조,298.4,1010.5,4.3,101.58,0.566,111.0,20.14,44.3,,0
2024-03-24 05:00,LOT-0682,1,EQ-01,포토,A조,305.9,1011.9,4.58,104.99,0.466,112.7,21.29,50.3,,0
2024-03-24 06:00,LOT-0341,17,EQ-02,산화,A조,290.1,1016.1,4.83,94.69,0.603,119.8,21.58,42.7,전기적 특성 불량,1
2024-03-24 11:00,LOT-0633,20,EQ-04,세정,C조,296.0,1023.9,4.87,95.88,0.473,111.6,19.63,50.2,,0
2024-03-24 21:00,LOT-0647,1,EQ-01,포토,A조,302.6,1008.0,4.61,99.83,0.499,119.9,17.56,47.4,,0
2024-03-25 02:00,LOT-0494,23,EQ-01,증착,C조,303.2,1011.3,5.21,100.22,0.488,122.5,18.43,45.3,,0
2024-03-25 04:00,LOT-0192,7,EQ-02,식각,A조,293.3,1016.0,4.89,94.92,0.654,127.0,21.96,43.0,,0
2024-03-25 15:00,LOT-0238,25,EQ-02,산화,C조,299.4,1018.2,5.41,100.9,0.716,129.4,18.87,42.0,,0
2024-03-25 18:00,LOT-0889,9,EQ-04,포토,A조,300.4,1008.9,4.9,102.72,0.473,123.5,17.92,48.5,,0
2024-03-25 23:00,LOT-0404,1,EQ-02,산화,A조,304.7,1003.5,4.47,101.02,0.548,117.9,19.69,45.1,,0
2024-03-26 00:00,LOT-0019,18,EQ-04,세정,B조,301.4,1004.3,4.9,101.32,0.514,120.2,19.51,45.5,,0
2024-03-26 15:00,LOT-0482,25,EQ-01,세정,A조,298.8,1005.6,5.61,99.54,0.488,108.4,22.45,51.7,,0
2024-03-26 19:00,LOT-0512,20,EQ-04,식각,B조,303.8,1000.0,5.57,102.62,0.589,122.2,19.55,48.6,,0
2024-03-26 21:00,LOT-0140,13,EQ-01,식각,C조,301.1,1007.1,5.18,100.08,0.432,131.6,20.35,42.5,,0
2024-03-26 23:00,LOT-0773,4,EQ-01,증착,A조,299.7,1014.5,5.21,101.88,0.575,114.4,20.56,46.9,,0
2024-03-27 01:00,LOT-0042,6,EQ-02,식각,C조,297.6,1003.7,4.71,102.53,0.724,122.9,17.21,48.8,,0
2024-03-27 08:00,LOT-0513,9,EQ-02,세정,C조,297.1,1006.1,4.69,98.91,0.679,116.9,22.16,46.4,정렬 불량,1
2024-03-27 10:00,LOT-0871,18,EQ-04,산화,A조,302.5,1009.5,5.28,102.07,0.543,117.9,20.73,42.7,,0
2024-03-27 15:00,LOT-0576,4,EQ-02,포토,B조,298.0,1010.6,4.86,101.06,0.612,108.3,20.02,47.3,,0
2024-03-27 17:00,LOT-0548,9,EQ-03,포토,C조,298.3,1033.0,4.99,98.56,0.443,118.1,20.41,43.9,,0
2024-03-27 21:00,LOT-0096,18,EQ-02,식각,A조,294.1,1013.5,4.98,95.26,0.658,127.3,20.28,46.9,,0
2024-03-27 23:00,LOT-0784,20,EQ-01,증착,A조,299.1,992.7,5.14,98.34,0.517,122.1,20.81,45.7,,0
2024-03-28 01:00,LOT-0798,22,EQ-01,산화,B조,303.3,997.3,5.12,102.65,0.555,125.2,20.01,46.1,,0
2024-03-28 04:00,LOT-0520,19,EQ-04,식각,C조,296.9,1020.2,4.97,99.78,0.533,121.9,20.58,44.4,,0
2024-03-28 15:00,LOT-0195,1,EQ-04,세정,C조,298.0,1012.1,4.8,92.89,0.501,125.3,19.79,44.9,,0
2024-03-28 22:00,LOT-0770,9,EQ-04,포토,C조,304.0,1010.0,4.55,100.26,0.55,119.7,19.64,42.4,,0
2024-03-29 02:00,LOT-0064,2,EQ-03,포토,C조,298.9,1023.3,5.32,97.45,0.478,122.9,20.26,42.4,,0
2024-03-29 03:00,LOT-0230,18,EQ-03,산화,A조,292.9,1041.5,4.92,94.49,0.501,124.0,21.05,44.7,,0
2024-03-29 04:00,LOT-0658,4,EQ-03,증착,C조,295.9,1036.2,4.51,100.82,0.548,121.8,19.7,46.5,,0
2024-03-29 11:00,LOT-0553,5,EQ-01,포토,A조,295.9,1012.2,4.7,101.52,0.473,123.0,20.39,48.6,,0
2024-03-29 21:00,LOT-0419,2,EQ-03,포토,C조,302.7,1027.0,5.21,99.23,0.506,123.5,18.89,46.6,정렬 불량,1
2024-03-30 00:00,LOT-0868,7,EQ-01,포토,A조,300.9,1012.8,5.19,101.51,0.431,116.5,20.98,39.3,,0
2024-03-30 02:00,LOT-0146,23,EQ-04,포토,B조,302.1,1009.9,4.79,102.1,0.461,118.4,19.92,45.6,패턴 불량,1
2024-03-30 10:00,LOT-0412,22,EQ-04,산화,B조,301.0,1022.6,4.98,98.49,0.46,118.6,19.74,49.6,,0
2024-03-30 11:00,LOT-0724,8,EQ-03,산화,C조,293.1,1015.3,4.91,96.09,0.45,110.9,18.86,42.3,,0
2024-03-30 13:00,LOT-0847,9,EQ-01,세정,A조,297.4,1024.7,5.07,99.08,0.563,122.5,19.22,37.9,,0
2024-03-30 17:00,LOT-0222,2,EQ-02,산화,C조,281.1,1003.9,4.79,93.65,0.696,121.7,19.02,40.9,,0
2024-03-30 19:00,LOT-0725,21,EQ-04,식각,C조,301.0,1010.1,4.82,102.57,0.528,118.0,20.62,41.1,,0
2024-03-31 10:00,LOT-0178,7,EQ-03,세정,B조,300.6,1018.5,5.18,100.17,0.431,115.1,21.64,39.0,,0
2024-03-31 14:00,LOT-0825,9,EQ-01,포토,C조,299.5,1006.3,4.86,101.22,0.507,117.6,20.33,44.2,,0
2024-04-01 00:00,LOT-0487,19,EQ-04,산화,C조,299.5,997.9,5.18,103.84,0.56,119.2,22.12,48.4,,0
2024-04-01 01:00,LOT-0059,19,EQ-01,포토,C조,301.5,1017.9,5.05,101.33,0.533,114.7,22.23,40.6,,0
2024-04-01 02:00,LOT-0558,13,EQ-04,포토,B조,294.1,1021.9,5.23,94.87,0.507,119.8,20.15,39.1,두께 불량,1
2024-04-01 03:00,LOT-0774,8,EQ-01,식각,C조,300.7,1030.1,4.7,99.44,0.523,123.4,20.4,43.4,,0
2024-04-01 04:00,LOT-0512,21,EQ-04,식각,B조,297.9,1007.5,6.2,98.98,0.526,119.2,21.02,46.8,,0
2024-04-01 13:00,LOT-0476,2,EQ-02,세정,A조,300.7,1015.0,5.18,101.42,0.772,120.0,19.57,37.2,,0
2024-04-01 18:00,LOT-0726,23,EQ-03,세정,A조,302.8,1033.1,4.85,99.38,0.533,111.8,21.89,40.5,,0
2024-04-02 09:00,LOT-0125,23,EQ-04,산화,A조,295.2,1012.4,4.75,97.59,0.457,112.3,22.34,46.2,,0
2024-04-02 10:00,LOT-0519,25,EQ-03,세정,C조,303.6,1022.2,4.8,97.6,0.476,119.0,20.03,48.0,,0
2024-04-02 15:00,LOT-0629,17,EQ-03,증착,A조,303.1,1024.7,4.62,98.59,0.529,125.1,20.02,45.2,,0
2024-04-02 17:00,LOT-0300,12,EQ-04,증착,A조,299.7,1013.4,4.98,98.7,0.488,105.5,21.62,44.1,,0
2024-04-02 19:00,LOT-0810,6,EQ-03,포토,A조,296.7,1035.8,5.31,99.02,0.554,135.2,22.87,39.8,,0
2024-04-03 03:00,LOT-0160,10,EQ-02,산화,A조,300.0,1014.2,4.79,101.37,0.76,123.1,19.62,47.1,,0
2024-04-03 09:00,LOT-0038,7,EQ-03,식각,C조,298.7,1011.1,5.29,101.65,0.561,119.3,19.07,42.5,,0
2024-04-03 11:00,LOT-0524,2,EQ-01,식각,A조,298.0,998.1,4.69,98.04,0.526,131.8,19.82,44.3,,0
2024-04-03 18:00,LOT-0363,9,EQ-01,세정,A조,302.1,1004.6,5.17,107.87,0.471,116.0,21.29,49.8,,0
2024-04-04 04:00,LOT-0397,1,EQ-03,포토,A조,299.3,1008.2,5.16,99.81,0.578,124.5,19.52,44.6,,0
2024-04-04 14:00,LOT-0373,22,EQ-01,증착,A조,303.5,1003.9,4.77,100.11,0.435,122.5,22.01,46.9,,0
2024-04-04 15:00,LOT-0384,8,EQ-01,식각,C조,297.1,1007.1,4.65,96.45,0.477,114.6,19.38,41.2,,0
2024-04-04 18:00,LOT-0364,14,EQ-02,포토,A조,301.9,1004.6,5.09,104.11,0.556,132.1,18.53,40.2,식각 과다,1
2024-04-05 01:00,LOT-0317,5,EQ-03,식각,C조,298.5,1025.0,5.24,97.9,0.513,111.9,20.82,46.2,,0
2024-04-05 02:00,LOT-0280,13,EQ-04,증착,C조,295.0,1019.2,5.45,95.42,0.519,115.1,21.42,42.9,,0
2024-04-05 03:00,LOT-0683,23,EQ-03,식각,A조,296.6,1016.6,5.28,99.12,0.56,118.0,18.84,42.3,,0
2024-04-05 05:00,LOT-0340,2,EQ-02,산화,C조,295.4,1022.0,4.9,95.06,0.599,112.6,20.02,39.4,,0
2024-04-05 07:00,LOT-0127,4,EQ-01,증착,A조,299.0,1002.7,4.81,100.72,0.616,114.4,18.93,45.4,,0
2024-04-05 10:00,LOT-0085,18,EQ-03,세정,A조,296.9,1024.2,4.8,98.16,0.514,125.2,18.87,49.9,,0
2024-04-05 14:00,LOT-0537,19,EQ-01,세정,B조,301.9,1004.7,5.43,100.72,0.479,106.7,18.04,51.8,전기적 특성 불량,1
2024-04-05 15:00,LOT-0219,19,EQ-02,세정,A조,298.5,1012.6,5.19,98.5,0.598,112.9,20.0,46.6,,0
2024-04-05 19:00,LOT-0031,13,EQ-02,증착,B조,298.1,1002.7,4.73,102.1,0.651,124.1,20.18,41.7,,0
2024-04-06 04:00,LOT-0573,22,EQ-03,증착,A조,305.6,1010.9,4.88,103.25,0.526,124.3,20.43,42.3,,0
2024-04-06 11:00,LOT-0031,9,EQ-02,증착,B조,299.1,1005.4,5.03,99.01,0.587,115.9,20.66,46.3,,0
2024-04-06 16:00,LOT-0184,9,EQ-04,증착,B조,303.5,1008.9,5.37,103.57,0.569,119.8,19.69,38.0,,0
2024-04-07 05:00,LOT-0546,8,EQ-04,증착,C조,292.6,999.8,4.73,92.66,0.484,119.3,23.25,48.5,,0
2024-04-07 08:00,LOT-0218,20,EQ-04,세정,B조,294.4,1014.5,4.51,96.58,0.548,114.5,20.7,44.0,,0
2024-04-07 10:00,LOT-0076,6,EQ-02,산화,A조,301.7,1012.5,5.37,102.62,0.631,121.4,20.19,40.2,,0
2024-04-07 12:00,LOT-0159,20,EQ-01,증착,B조,298.8,998.4,4.91,93.13,0.485,120.5,18.9,46.7,,0
2024-04-07 13:00,LOT-0517,13,EQ-03,증착,A조,300.3,1018.3,5.02,100.85,0.535,126.5,21.82,45.0,,0
2024-04-07 16:00,LOT-0593,12,EQ-01,식각,B조,296.3,1007.1,4.56,96.53,0.498,125.8,20.73,48.8,,0
2024-04-08 22:00,LOT-0464,23,EQ-02,증착,B조,304.9,1016.1,4.95,100.92,0.543,117.5,21.94,40.2,,0
2024-04-09 01:00,LOT-0354,25,EQ-04,포토,B조,302.5,1010.5,4.59,102.2,0.512,112.7,19.38,42.9,,0
2024-04-09 02:00,LOT-0842,6,EQ-04,증착,A조,300.0,1027.2,5.42,96.69,0.563,122.9,21.16,45.2,,0
2024-04-09 10:00,LOT-0245,5,EQ-01,산화,C조,298.3,1000.6,4.69,103.46,0.577,130.9,19.62,43.2,,0
2024-04-09 15:00,LOT-0845,14,EQ-01,포토,A조,298.5,998.1,4.14,95.59,0.6,120.6,21.59,40.4,,0
2024-04-09 22:00,LOT-0522,17,EQ-04,식각,C조,298.8,1027.2,5.6,102.99,0.576,118.8,23.13,42.7,,0
2024-04-09 23:00,LOT-0060,5,EQ-01,증착,B조,300.6,1011.5,5.07,98.83,0.444,115.5,19.0,43.3,,0
2024-04-10 05:00,LOT-0092,11,EQ-03,산화,C조,298.0,1019.4,4.66,97.4,0.438,105.8,20.26,40.4,,0
2024-04-10 07:00,LOT-0699,7,EQ-03,산화,C조,296.2,1031.0,4.5,101.09,0.5,125.3,19.31,49.4,,0
2024-04-10 19:00,LOT-0392,15,EQ-04,식각,B조,306.5,1025.4,4.66,104.9,0.519,113.9,20.44,42.1,,0
2024-04-11 00:00,LOT-0365,16,EQ-01,식각,B조,303.7,996.7,4.93,100.63,0.528,111.7,19.86,45.2,,0
2024-04-11 03:00,LOT-0835,4,EQ-01,식각,C조,299.9,1008.2,4.76,94.87,0.456,116.4,20.57,54.6,,0
2024-04-11 05:00,LOT-0559,15,EQ-02,식각,B조,296.9,999.6,4.49,97.02,0.713,119.8,19.92,39.8,,0
2024-04-11 09:00,LOT-0543,10,EQ-03,포토,A조,304.2,1017.4,4.83,104.63,0.537,117.0,19.29,39.0,,0
2024-04-11 14:00,LOT-0573,24,EQ-01,식각,C조,301.8,1006.3,4.51,100.18,0.411,119.9,19.53,51.4,,0
2024-04-12 05:00,LOT-0157,14,EQ-04,증착,C조,297.3,1022.3,5.11,99.11,0.527,126.4,21.92,40.5,,0
2024-04-12 06:00,LOT-0674,19,EQ-02,세정,A조,303.4,1001.5,5.38,101.49,0.622,119.8,18.27,43.5,,0
2024-04-12 10:00,LOT-0393,10,EQ-01,식각,B조,304.6,1023.1,4.76,102.76,0.546,113.5,21.34,40.1,,0
2024-04-12 12:00,LOT-0750,14,EQ-02,식각,C조,286.0,1005.9,5.19,93.76,0.64,115.5,22.96,40.0,,0
2024-04-12 18:00,LOT-0752,8,EQ-01,세정,C조,295.8,1015.0,4.89,99.69,0.521,116.7,20.02,43.9,,0
2024-04-13 05:00,LOT-0167,8,EQ-02,증착,B조,301.8,994.5,4.49,98.24,0.544,120.2,20.52,45.2,,0
2024-04-13 16:00,LOT-0881,6,EQ-03,산화,C조,297.5,1021.8,4.76,99.23,0.538,123.9,20.27,45.6,,0
2024-04-13 18:00,LOT-0897,18,EQ-04,산화,B조,301.0,1002.9,4.5,98.24,0.542,130.7,19.26,49.2,,0
2024-04-13 19:00,LOT-0462,17,EQ-03,산화,A조,296.4,1009.1,5.17,101.55,0.544,115.5,20.31,36.8,,0
2024-04-13 22:00,LOT-0503,19,EQ-02,식각,C조,319.3,1000.6,5.1,108.11,0.631,113.1,18.05,44.3,,0
2024-04-14 00:00,LOT-0686,23,EQ-03,산화,B조,298.6,1035.9,4.59,100.75,0.581,111.7,19.66,45.4,,0
2024-04-14 09:00,LOT-0266,15,EQ-04,포토,C조,299.8,1008.0,4.85,98.26,0.465,114.6,19.38,47.1,전기적 특성 불량,1
2024-04-14 18:00,LOT-0523,1,EQ-03,세정,A조,297.2,1031.1,4.51,97.14,0.447,126.2,17.58,42.7,,0
2024-04-14 19:00,LOT-0385,8,EQ-02,증착,C조,306.4,1029.4,4.98,101.1,0.614,125.8,19.94,51.5,,0
2024-04-14 22:00,LOT-0863,1,EQ-04,포토,B조,304.3,1019.4,5.17,101.32,0.445,116.3,20.23,41.6,,0
2024-04-15 06:00,LOT-0235,10,EQ-04,산화,B조,299.9,1009.4,5.08,100.25,0.472,114.8,20.48,48.0,,0
2024-04-15 08:00,LOT-0565,17,EQ-03,포토,B조,303.1,1034.6,5.85,99.84,0.5,129.4,21.7,43.3,식각 부족,1
2024-04-15 17:00,LOT-0354,14,EQ-04,증착,A조,300.1,997.7,4.4,100.67,0.474,117.4,21.12,50.0,,0
2024-04-15 22:00,LOT-0759,4,EQ-01,증착,C조,310.4,1011.3,4.95,105.43,0.376,110.3,21.07,48.4,,0
2024-04-16 01:00,LOT-0834,25,EQ-04,포토,B조,304.5,1010.1,4.51,100.51,0.484,109.9,21.2,44.6,파티클,1
2024-04-16 07:00,LOT-0569,22,EQ-01,포토,A조,303.6,1010.4,5.72,106.1,0.529,123.5,18.69,42.5,,0
2024-04-16 13:00,LOT-0551,17,EQ-04,세정,C조,296.7,1014.4,5.26,99.23,0.508,121.8,22.84,39.7,,0
2024-04-16 14:00,LOT-0188,13,EQ-02,식각,B조,293.9,1023.0,4.6,91.7,0.655,118.7,19.12,48.5,,0
2024-04-16 20:00,LOT-0260,7,EQ-03,식각,C조,296.7,1033.5,5.65,100.27,0.382,122.4,20.23,54.7,,0
2024-04-16 22:00,LOT-0316,4,EQ-02,세정,B조,307.1,1010.0,5.05,105.96,0.615,121.0,20.63,41.8,패턴 불량,1
2024-04-17 00:00,LOT-0165,12,EQ-04,산화,A조,297.6,1007.8,4.76,97.03,0.59,111.0,18.97,46.3,,0
2024-04-17 09:00,LOT-0881,15,EQ-03,식각,C조,298.8,1029.5,4.7,101.75,0.406,124.7,19.19,44.4,,0
2024-04-17 18:00,LOT-0287,9,EQ-04,산화,B조,303.0,1013.0,5.62,100.76,0.44,121.0,20.77,49.3,,0
2024-04-18 09:00,LOT-0671,19,EQ-01,포토,A조,299.7,1002.8,5.58,102.38,0.477,122.9,15.79,44.1,,0
2024-04-18 11:00,LOT-0788,25,EQ-02,산화,A조,300.9,1009.1,4.59,99.56,0.585,114.9,21.3,45.1,,0
2024-04-18 12:00,LOT-0617,12,EQ-04,산화,C조,301.3,1003.5,5.39,98.97,0.533,117.0,19.67,38.6,,0
2024-04-18 15:00,LOT-0556,10,EQ-03,포토,C조,303.6,1036.7,4.93,99.96,0.569,118.0,20.0,41.2,,0
2024-04-18 19:00,LOT-0579,4,EQ-02,산화,C조,298.6,1010.6,5.53,99.41,0.697,126.4,20.83,43.7,,0
2024-04-19 04:00,LOT-0437,22,EQ-03,증착,B조,297.8,1020.6,4.77,99.61,0.523,114.0,20.89,42.9,파티클,1
2024-04-19 08:00,LOT-0523,10,EQ-03,세정,A조,292.0,1036.3,4.96,94.63,0.521,121.3,20.59,45.5,,0
2024-04-19 10:00,LOT-0680,9,EQ-01,식각,A조,299.2,1005.9,4.89,101.41,0.489,125.1,20.0,40.2,,0
2024-04-19 14:00,LOT-0865,16,EQ-03,식각,A조,301.0,1013.0,5.26,100.12,0.441,126.6,19.99,47.6,오염,1
2024-04-20 06:00,LOT-0668,6,EQ-01,증착,B조,298.0,994.9,4.9,95.53,0.461,131.7,20.21,46.4,,0
2024-04-20 09:00,LOT-0156,22,EQ-03,식각,B조,306.4,1030.2,4.76,103.62,0.581,118.4,19.71,45.1,,0
2024-04-20 16:00,LOT-0038,16,EQ-01,포토,A조,296.5,999.5,4.38,99.37,0.587,126.7,20.28,45.6,,0
2024-04-20 17:00,LOT-0440,7,EQ-01,세정,B조,308.6,1014.0,5.16,106.37,0.552,118.9,18.89,40.5,,0
2024-04-21 07:00,LOT-0520,7,EQ-04,산화,A조,301.8,1025.5,4.94,98.07,0.478,126.8,19.01,48.4,,0
2024-04-21 11:00,LOT-0056,20,EQ-04,산화,C조,306.0,1011.6,5.48,105.63,0.516,106.4,20.87,49.2,,0
2024-04-21 12:00,LOT-0772,5,EQ-01,세정,C조,296.6,999.1,5.06,99.64,0.542,114.6,17.72,41.6,,0
2024-04-21 13:00,LOT-0598,12,EQ-02,식각,B조,296.3,1017.8,4.32,99.93,0.587,123.5,18.53,45.6,,0
2024-04-22 02:00,LOT-0094,8,EQ-04,산화,A조,292.6,1033.2,4.95,91.95,0.46,121.6,19.83,40.2,,0
2024-04-22 03:00,LOT-0811,24,EQ-03,산화,B조,305.5,1012.0,4.21,98.64,0.558,118.3,18.8,43.1,,0
2024-04-22 04:00,LOT-0473,20,EQ-04,포토,B조,307.9,1021.9,5.12,105.07,0.431,117.9,20.98,43.9,,0
2024-04-22 18:00,LOT-0307,11,EQ-03,산화,C조,300.2,1021.1,5.11,100.62,0.506,124.3,20.38,49.0,,0
2024-04-22 21:00,LOT-0650,24,EQ-03,식각,B조,291.9,1030.4,4.59,92.62,0.49,120.4,22.36,39.5,,0
2024-04-22 22:00,LOT-0310,9,EQ-04,산화,B조,307.1,1002.0,4.99,100.25,0.602,120.1,19.05,47.5,,0
2024-04-23 01:00,LOT-0145,11,EQ-01,증착,B조,299.2,1015.2,4.74,101.22,0.513,112.0,20.61,42.8,,0
2024-04-23 02:00,LOT-0650,25,EQ-03,세정,A조,302.8,1011.7,4.89,102.02,0.581,118.3,20.03,43.3,,0
2024-04-23 04:00,LOT-0259,23,EQ-03,포토,A조,298.9,1028.6,5.33,100.51,0.367,126.4,19.68,41.1,,0
2024-04-23 06:00,LOT-0166,25,EQ-04,증착,A조,300.2,1014.7,5.16,101.52,0.531,118.1,15.94,45.2,파티클,1
2024-04-23 08:00,LOT-0703,14,EQ-03,세정,A조,296.5,1044.5,4.8,98.12,0.406,123.6,20.32,42.0,,0
2024-04-23 13:00,LOT-0013,1,EQ-02,산화,B조,296.4,1013.7,4.75,98.5,0.57,113.8,20.12,41.3,,0
2024-04-24 01:00,LOT-0311,18,EQ-04,식각,B조,303.4,1014.8,4.83,102.55,0.529,119.6,20.68,46.3,,0
2024-04-24 04:00,LOT-0693,3,EQ-04,세정,B조,309.2,1008.2,5.2,102.32,0.552,115.5,18.49,39.7,,0
2024-04-24 08:00,LOT-0490,5,EQ-04,세정,A조,302.5,1011.5,4.05,99.99,0.347,121.3,17.61,42.3,,0
2024-04-24 09:00,LOT-0335,22,EQ-03,식각,B조,300.7,1026.4,5.14,97.7,0.488,125.6,20.18,45.1,,0
2024-04-24 10:00,LOT-0502,25,EQ-04,세정,A조,300.0,1028.6,4.77,97.6,0.474,123.0,19.92,44.8,전기적 특성 불량,1
2024-04-24 17:00,LOT-0556,25,EQ-03,식각,C조,301.2,1030.6,5.45,97.41,0.522,124.6,17.38,45.1,두께 불량,1
2024-04-24 21:00,LOT-0658,3,EQ-03,증착,B조,302.0,1026.2,4.97,95.44,0.484,120.8,20.41,49.1,,0
2024-04-25 00:00,LOT-0108,22,EQ-02,식각,C조,306.3,1012.2,5.11,104.4,0.682,122.5,21.03,40.0,,0
2024-04-25 05:00,LOT-0240,10,EQ-01,세정,B조,293.5,1010.5,4.64,95.6,0.531,124.1,20.84,50.3,,0
2024-04-25 11:00,LOT-0556,11,EQ-01,식각,A조,298.5,1014.7,4.59,98.94,0.529,119.4,20.81,45.5,,0
2024-04-26 00:00,LOT-0740,22,EQ-02,산화,B조,310.0,1022.4,4.84,103.73,0.539,120.4,20.49,45.6,,0
2024-04-26 08:00,LOT-0700,3,EQ-01,증착,C조,300.8,1008.3,5.35,98.68,0.456,121.4,18.97,46.3,,0
2024-04-26 18:00,LOT-0398,20,EQ-04,세정,A조,307.2,1018.8,4.84,103.87,0.548,117.2,20.29,42.8,정렬 불량,1
2024-04-27 04:00,LOT-0839,7,EQ-01,산화,B조,294.6,1012.4,4.53,98.02,0.538,118.3,20.4,48.7,,0
2024-04-27 05:00,LOT-0198,20,EQ-03,식각,B조,300.1,1021.9,4.66,101.95,0.461,114.4,24.01,44.4,정렬 불량,1
2024-04-27 07:00,LOT-0858,16,EQ-04,포토,A조,306.7,999.4,4.92,104.92,0.54,118.0,21.3,42.8,,0
2024-04-27 17:00,LOT-0319,10,EQ-04,식각,A조,296.6,1011.3,4.87,97.17,0.433,121.1,20.96,42.8,,0
2024-04-27 23:00,LOT-0893,18,EQ-02,식각,B조,300.9,1018.6,5.36,103.49,0.661,122.1,20.86,38.7,,0
2024-04-28 03:00,LOT-0840,5,EQ-03,증착,C조,306.5,1035.9,5.14,105.02,0.418,128.6,18.65,45.4,,0
2024-04-28 20:00,LOT-0105,23,EQ-04,포토,C조,304.4,1005.8,4.8,104.83,0.469,119.9,20.77,48.4,,0
2024-04-28 21:00,LOT-0066,1,EQ-01,산화,B조,296.5,1009.0,4.85,98.37,0.427,122.1,20.44,47.1,파티클,1
2024-04-29 05:00,LOT-0138,9,EQ-03,세정,A조,304.6,1024.9,4.24,103.3,0.453,119.0,20.84,42.7,,0
2024-04-29 10:00,LOT-0778,4,EQ-01,증착,C조,293.8,1019.4,5.15,93.29,0.384,116.9,19.3,50.0,,0
2024-04-29 14:00,LOT-0078,18,EQ-01,증착,C조,297.8,1010.0,4.96,98.64,0.448,111.1,19.21,50.0,,0
2024-04-29 17:00,LOT-0584,6,EQ-04,식각,A조,298.0,1016.6,4.9,94.26,0.517,126.9,18.82,46.5,,0
2024-04-29 20:00,LOT-0054,8,EQ-01,산화,B조,303.3,996.3,4.55,100.99,0.493,119.6,20.11,49.1,두께 불량,1
2024-04-30 00:00,LOT-0549,21,EQ-01,세정,B조,299.4,1009.7,5.23,97.72,0.43,122.2,19.41,43.6,,0
2024-04-30 07:00,LOT-0256,6,EQ-02,세정,B조,295.5,1017.7,5.43,95.58,0.606,121.4,22.16,48.1,,0
2024-04-30 08:00,LOT-0562,23,EQ-01,산화,C조,292.9,1003.5,5.23,96.31,0.483,122.1,21.45,44.8,,0
2024-04-30 09:00,LOT-0151,17,EQ-02,식각,B조,288.2,1009.4,5.33,93.38,0.631,112.6,20.64,40.1,오염,1
2024-04-30 20:00,LOT-0630,11,EQ-02,산화,B조,303.8,1005.5,4.73,101.4,0.626,120.4,19.27,47.8,,0
2024-04-30 23:00,LOT-0820,9,EQ-01,산화,C조,297.3,1009.4,5.06,101.3,0.488,122.8,19.37,38.7,,0
2024-05-01 02:00,LOT-0793,22,EQ-02,산화,A조,300.2,1007.8,4.78,99.4,0.615,124.7,20.74,42.2,,0
2024-05-01 05:00,LOT-0327,22,EQ-03,식각,A조,295.4,1010.0,5.57,96.7,0.528,117.1,18.82,42.7,,0
2024-05-02 15:00,LOT-0420,5,EQ-03,식각,A조,299.1,1022.7,5.3,100.72,0.462,122.5,21.23,48.4,,0
2024-05-02 18:00,LOT-0633,23,EQ-02,산화,C조,294.1,1013.9,4.99,97.44,0.649,115.1,20.67,50.4,,0
2024-05-02 19:00,LOT-0052,8,EQ-03,세정,A조,299.7,1031.1,5.7,95.09,0.549,124.4,22.21,48.8,,0
2024-05-02 22:00,LOT-0205,1,EQ-03,증착,B조,302.4,1043.1,5.35,103.27,0.615,119.9,20.94,45.4,,0
2024-05-03 02:00,LOT-0768,14,EQ-04,식각,C조,303.4,995.8,5.16,99.22,0.481,121.7,19.47,48.7,,0
2024-05-03 09:00,LOT-0146,10,EQ-04,포토,C조,298.5,1001.0,5.1,102.89,0.49,125.0,18.13,46.8,,0
2024-05-03 14:00,LOT-0665,16,EQ-01,증착,C조,305.8,1016.9,5.53,103.26,0.547,128.8,18.89,45.4,,0
2024-05-03 17:00,LOT-0671,2,EQ-03,산화,A조,300.9,1029.9,4.87,100.69,0.465,123.7,21.86,45.9,,0
2024-05-03 20:00,LOT-0780,15,EQ-04,산화,C조,302.3,1021.3,5.28,102.98,0.511,115.0,18.89,47.2,파티클,1
2024-05-03 21:00,LOT-0846,25,EQ-02,증착,A조,299.0,1011.0,5.05,97.36,0.667,119.0,23.63,41.1,,0
2024-05-04 01:00,LOT-0383,6,EQ-02,증착,B조,300.7,1006.3,5.38,98.63,0.596,136.4,18.8,46.5,,0
2024-05-04 05:00,LOT-0233,14,EQ-04,식각,A조,293.4,1014.1,5.32,96.5,0.495,121.4,20.31,52.2,,0
2024-05-04 09:00,LOT-0291,24,EQ-03,포토,C조,304.2,1030.7,4.91,103.27,0.48,114.8,21.2,45.1,,0
2024-05-04 11:00,LOT-0470,10,EQ-04,세정,A조,306.0,1004.7,4.43,106.32,0.442,121.9,19.52,42.9,,0
2024-05-04 20:00,LOT-0215,3,EQ-03,식각,A조,301.9,1020.9,4.95,101.04,0.472,116.5,19.65,47.6,,0
2024-05-05 02:00,LOT-0680,22,EQ-04,식각,B조,301.9,1006.5,4.7,102.87,0.505,115.2,21.01,46.5,전기적 특성 불량,1
2024-05-05 03:00,LOT-0265,3,EQ-04,산화,B조,294.2,1017.6,5.19,98.1,0.44,119.2,18.44,45.7,,0
2024-05-05 07:00,LOT-0379,15,EQ-01,증착,C조,299.9,999.8,5.31,98.69,0.497,112.4,21.64,40.2,,0
2024-05-05 12:00,LOT-0083,2,EQ-04,세정,C조,307.3,1014.0,4.8,103.09,0.524,110.8,23.0,43.2,,0
2024-05-05 13:00,LOT-0455,23,EQ-02,포토,C조,299.8,1024.4,5.12,100.7,0.618,113.2,20.28,43.1,,0
2024-05-06 01:00,LOT-0812,7,EQ-03,산화,A조,301.3,1014.9,4.83,104.55,0.454,122.4,19.8,40.7,,0
2024-05-06 03:00,LOT-0869,14,EQ-04,식각,B조,298.8,1027.1,4.89,98.4,0.462,116.5,18.8,41.6,,0
2024-05-06 10:00,LOT-0659,19,EQ-02,식각,C조,304.1,1011.4,5.09,103.42,0.617,126.3,19.87,41.5,,0
2024-05-06 11:00,LOT-0250,6,EQ-01,세정,C조,302.6,1010.7,5.04,98.48,0.45,118.9,19.84,47.7,,0
2024-05-06 12:00,LOT-0493,14,EQ-02,산화,B조,300.1,999.2,5.48,97.28,0.675,116.6,18.89,42.6,,0
2024-05-06 20:00,LOT-0822,3,EQ-01,식각,A조,298.8,1014.3,4.56,104.39,0.552,119.1,20.31,48.0,,0
2024-05-06 21:00,LOT-0815,16,EQ-04,세정,C조,291.9,1000.1,5.56,98.12,0.552,129.6,19.27,48.6,,0
2024-05-07 11:00,LOT-0297,12,EQ-04,증착,C조,297.7,1017.8,5.24,94.41,0.474,116.7,18.42,43.1,,0
2024-05-07 17:00,LOT-0140,24,EQ-01,산화,B조,300.3,1004.3,4.66,97.51,0.455,127.2,18.78,41.8,,0
2024-05-07 23:00,LOT-0646,1,EQ-04,세정,B조,299.0,1019.3,5.09,97.38,0.457,121.3,19.16,43.6,정렬 불량,1
2024-05-08 14:00,LOT-0440,5,EQ-03,식각,B조,302.5,1026.8,4.77,97.25,0.536,110.3,19.54,40.2,,0
2024-05-09 03:00,LOT-0277,4,EQ-01,세정,B조,298.0,1011.2,5.5,96.27,0.543,126.0,19.49,45.0,,0
2024-05-09 13:00,LOT-0028,23,EQ-04,산화,B조,304.1,1022.6,5.2,102.62,0.472,123.1,19.63,49.1,,0
2024-05-09 15:00,LOT-0222,2,EQ-01,포토,A조,303.4,1010.2,5.12,100.72,0.556,128.0,19.49,43.4,,0
2024-05-09 17:00,LOT-0395,9,EQ-03,포토,B조,306.0,1040.9,4.9,101.69,0.427,120.6,19.83,42.3,,0
2024-05-09 18:00,LOT-0818,15,EQ-01,포토,C조,291.7,994.1,5.06,94.7,0.607,121.0,19.66,46.7,,0
2024-05-09 19:00,LOT-0190,5,EQ-03,포토,B조,297.4,1030.3,4.81,99.91,0.479,126.6,20.71,40.5,,0
2024-05-09 22:00,LOT-0439,16,EQ-01,포토,B조,297.8,1006.9,4.61,101.6,0.499,116.2,20.34,46.4,,0
2024-05-10 01:00,LOT-0417,3,EQ-02,산화,A조,299.0,1006.0,5.16,100.26,0.799,114.7,22.19,46.0,,0
2024-05-10 05:00,LOT-0746,2,EQ-03,증착,B조,296.0,1033.4,5.19,96.32,0.555,122.3,21.33,47.5,,0
2024-05-10 09:00,LOT-0105,12,EQ-01,식각,B조,297.7,1007.6,5.08,99.37,0.472,128.4,20.95,47.5,,0
2024-05-10 10:00,LOT-0158,11,EQ-02,세정,B조,301.5,1013.6,5.47,101.43,0.638,114.9,19.19,46.5,,0
2024-05-10 17:00,LOT-0317,13,EQ-01,식각,C조,297.4,1005.2,5.48,99.03,0.491,121.9,20.12,45.7,,0
2024-05-11 06:00,LOT-0347,23,EQ-02,산화,A조,298.1,1009.6,5.02,99.12,0.537,114.5,20.3,46.8,,0
2024-05-11 07:00,LOT-0768,18,EQ-02,식각,C조,300.6,997.0,5.0,99.36,0.636,124.8,19.05,49.0,두께 불량,1
2024-05-11 10:00,LOT-0597,10,EQ-02,산화,C조,311.4,1017.9,5.28,105.74,0.649,118.6,18.69,43.5,전기적 특성 불량,1
2024-05-11 16:00,LOT-0013,24,EQ-01,포토,C조,298.3,1011.6,4.65,100.02,0.553,114.5,17.85,51.0,,0
2024-05-12 04:00,LOT-0647,18,EQ-02,증착,A조,293.2,1015.3,4.82,97.58,0.708,109.3,20.21,46.7,,0
2024-05-12 05:00,LOT-0397,15,EQ-03,포토,A조,298.1,999.3,4.52,99.5,0.452,109.5,17.66,51.3,,0
2024-05-12 08:00,LOT-0506,10,EQ-02,식각,C조,315.6,1010.5,5.49,110.59,0.681,120.4,18.64,42.2,,0
2024-05-12 12:00,LOT-0354,13,EQ-01,산화,A조,297.4,1008.6,5.34,102.99,0.479,117.3,19.18,40.2,,0
2024-05-12 21:00,LOT-0122,12,EQ-04,식각,B조,305.2,1010.6,5.12,99.71,0.582,129.0,20.02,42.7,,0
2024-05-13 11:00,LOT-0147,13,EQ-04,세정,B조,303.1,1010.9,4.97,101.2,0.471,116.9,19.04,46.0,,0
2024-05-13 17:00,LOT-0580,16,EQ-04,포토,B조,303.0,1012.5,5.18,100.0,0.568,115.9,17.53,43.4,,0
2024-05-13 20:00,LOT-0581,9,EQ-03,포토,C조,300.7,1023.7,5.01,99.89,0.536,118.9,21.7,45.9,,0
2024-05-14 04:00,LOT-0108,4,EQ-04,식각,B조,298.7,1006.4,4.21,99.74,0.396,114.6,19.52,44.2,,0
2024-05-14 07:00,LOT-0336,10,EQ-03,식각,B조,293.9,1018.9,4.95,95.9,0.561,119.4,20.28,47.6,,0
2024-05-14 09:00,LOT-0756,11,EQ-01,증착,C조,295.7,999.1,4.68,98.59,0.47,113.8,19.38,44.1,,0
2024-05-14 10:00,LOT-0545,1,EQ-02,산화,C조,290.1,1011.8,4.95,92.54,0.667,121.1,19.64,48.1,,0
2024-05-15 11:00,LOT-0030,24,EQ-03,세정,A조,295.1,1031.3,4.05,97.44,0.559,120.9,21.99,39.6,,0
2024-05-15 17:00,LOT-0655,14,EQ-01,증착,C조,299.4,1008.4,4.83,99.09,0.581,111.4,20.8,48.8,,0
2024-05-17 01:00,LOT-0588,14,EQ-02,포토,A조,310.3,1015.2,4.84,100.38,0.584,114.6,21.9,43.2,,0
2024-05-17 08:00,LOT-0530,23,EQ-04,포토,C조,294.0,1010.6,5.15,93.04,0.513,114.5,19.32,51.8,,0
2024-05-17 10:00,LOT-0676,4,EQ-01,식각,C조,299.7,1009.0,5.14,99.81,0.499,130.6,21.23,49.6,,0
2024-05-17 11:00,LOT-0559,9,EQ-02,포토,C조,300.9,1018.0,5.05,99.0,0.617,127.8,19.94,42.9,,0
2024-05-18 03:00,LOT-0669,3,EQ-01,산화,B조,307.4,1006.5,4.99,101.83,0.438,120.3,18.87,46.3,,0
2024-05-18 15:00,LOT-0493,7,EQ-03,식각,C조,300.2,1019.8,5.03,98.66,0.531,123.7,19.71,44.5,,0
2024-05-19 09:00,LOT-0234,12,EQ-04,세정,B조,299.5,1025.3,4.68,102.1,0.524,118.9,18.16,42.8,,0
2024-05-19 15:00,LOT-0398,15,EQ-03,식각,C조,300.3,1023.1,4.46,99.83,0.579,116.6,20.08,45.1,,0
2024-05-19 20:00,LOT-0467,14,EQ-02,포토,A조,307.3,1015.7,5.3,106.61,0.62,116.1,19.12,42.4,식각 과다,1
2024-05-19 21:00,LOT-0152,13,EQ-01,세정,B조,298.8,1002.4,5.31,96.95,0.505,122.9,19.91,48.2,,0
2024-05-20 05:00,LOT-0847,15,EQ-03,산화,A조,299.3,1024.8,4.63,98.26,0.531,118.1,20.36,43.1,,0
2024-05-20 15:00,LOT-0055,23,EQ-01,포토,B조,299.9,1011.7,4.69,100.57,0.631,118.4,20.86,49.0,,0
2024-05-20 17:00,LOT-0014,15,EQ-01,산화,C조,302.0,1014.3,5.35,98.84,0.484,125.7,21.45,41.8,,0
2024-05-20 23:00,LOT-0882,6,EQ-04,식각,B조,300.0,1013.4,4.63,96.86,0.464,125.1,18.58,46.7,,0
2024-05-21 01:00,LOT-0635,11,EQ-01,증착,A조,299.6,1016.0,4.66,101.3,0.442,114.2,21.41,45.6,,0
2024-05-21 03:00,LOT-0173,4,EQ-01,산화,A조,305.7,997.6,5.51,100.38,0.522,124.7,18.98,45.9,,0
2024-05-21 09:00,LOT-0320,4,EQ-04,세정,C조,300.8,1006.5,5.29,100.91,0.606,109.1,19.85,45.9,식각 부족,1
2024-05-21 12:00,LOT-0392,22,EQ-02,포토,A조,301.2,1005.2,5.79,99.6,0.664,119.9,19.73,44.2,,0
2024-05-21 17:00,LOT-0304,24,EQ-01,식각,B조,297.3,1021.8,4.9,98.96,0.479,119.6,22.21,44.7,,0
2024-05-22 03:00,LOT-0417,20,EQ-02,식각,A조,297.8,996.0,4.83,98.22,0.577,121.8,20.46,46.7,,0
2024-05-22 16:00,LOT-0352,14,EQ-02,세정,C조,299.1,1016.7,4.55,102.33,0.659,114.9,20.65,42.2,,0
2024-05-23 01:00,LOT-0185,16,EQ-01,증착,C조,305.5,1004.3,5.28,101.27,0.482,127.3,18.34,41.0,,0
2024-05-23 02:00,LOT-0375,9,EQ-02,식각,A조,295.9,1020.4,5.37,101.57,0.595,119.8,18.99,45.4,,0
2024-05-23 06:00,LOT-0670,10,EQ-01,증착,B조,301.3,1008.8,4.37,104.54,0.487,114.3,18.99,40.7,,0
2024-05-23 15:00,LOT-0068,25,EQ-04,세정,C조,303.9,1026.0,5.35,100.2,0.53,119.3,20.73,41.5,패턴 불량,1
2024-05-23 17:00,LOT-0478,1,EQ-04,포토,B조,300.6,1003.0,4.88,98.3,0.495,124.2,19.83,41.5,두께 불량,1
2024-05-23 19:00,LOT-0623,18,EQ-02,포토,A조,285.3,1011.7,5.31,94.63,0.626,123.4,20.29,42.1,,0
2024-05-24 02:00,LOT-0867,8,EQ-03,증착,C조,300.3,1029.1,4.82,98.38,0.512,128.1,20.47,50.9,,0
2024-05-24 05:00,LOT-0011,8,EQ-04,포토,B조,298.9,1010.0,5.3,100.14,0.449,112.3,17.79,45.3,,0
2024-05-24 07:00,LOT-0044,6,EQ-04,세정,B조,302.0,1022.2,4.9,100.72,0.468,115.3,18.87,50.4,식각 과다,1
2024-05-24 15:00,LOT-0246,22,EQ-01,증착,C조,298.7,1017.1,5.22,96.96,0.537,121.8,19.37,45.6,,0
2024-05-25 01:00,LOT-0087,11,EQ-03,식각,A조,294.3,1017.3,5.15,97.06,0.394,122.6,20.0,49.7,,0
2024-05-25 03:00,LOT-0739,10,EQ-03,증착,A조,301.8,1010.8,5.65,100.33,0.471,116.7,19.54,44.3,,0
2024-05-25 05:00,LOT-0832,24,EQ-02,증착,C조,298.9,1010.3,4.63,96.8,0.695,124.9,19.43,50.4,,0
2024-05-25 07:00,LOT-0162,12,EQ-01,포토,B조,296.9,1021.6,4.98,97.88,0.416,128.4,19.16,44.1,,0
2024-05-25 09:00,LOT-0046,23,EQ-03,식각,A조,302.4,1017.9,4.89,101.24,0.44,125.9,21.46,48.2,,0
2024-05-25 12:00,LOT-0084,8,EQ-04,증착,C조,297.2,1020.2,4.79,101.36,0.544,129.1,19.12,42.0,,0
2024-05-25 19:00,LOT-0010,9,EQ-03,증착,C조,302.2,1037.2,5.29,102.96,0.446,111.6,19.29,42.2,,0
2024-05-25 20:00,LOT-0399,2,EQ-02,세정,A조,307.0,1007.3,5.05,103.84,0.676,126.9,19.93,48.7,,0
2024-05-25 23:00,LOT-0224,19,EQ-04,포토,C조,296.6,1021.3,5.01,99.13,0.438,121.1,20.04,42.7,,0
2024-05-26 00:00,LOT-0792,9,EQ-01,증착,B조,301.4,1023.0,5.08,100.82,0.506,122.4,21.13,49.0,,0
2024-05-26 03:00,LOT-0889,17,EQ-03,증착,B조,299.8,1025.0,4.89,99.4,0.461,120.8,20.98,40.1,,0
2024-05-26 11:00,LOT-0342,7,EQ-04,산화,C조,305.2,1012.9,5.27,100.53,0.507,122.5,17.5,40.4,,0
2024-05-26 17:00,LOT-0210,7,EQ-03,세정,C조,299.9,1018.9,5.23,100.15,0.55,118.6,18.17,46.8,,0
2024-05-26 18:00,LOT-0608,7,EQ-01,포토,C조,293.0,994.8,4.63,98.47,0.492,117.9,20.34,43.7,,0
2024-05-27 08:00,LOT-0238,24,EQ-02,포토,B조,313.8,1001.7,4.88,108.12,0.588,125.3,19.46,44.3,,0
2024-05-27 10:00,LOT-0626,6,EQ-04,세정,A조,305.6,996.9,5.06,108.39,0.5,113.0,19.14,39.3,,0
2024-05-27 19:00,LOT-0659,5,EQ-01,식각,B조,298.7,1016.0,4.89,98.67,0.477,120.2,20.67,48.5,,0
2024-05-27 21:00,LOT-0393,24,EQ-03,포토,A조,295.1,1027.4,4.92,98.44,0.565,118.9,21.24,43.4,,0
2024-05-28 01:00,LOT-0765,23,EQ-02,포토,B조,289.4,1015.4,4.54,94.69,0.647,117.5,18.61,49.2,,0
2024-05-28 10:00,LOT-0858,19,EQ-02,식각,A조,300.0,993.9,4.59,103.86,0.679,116.5,19.83,50.0,,0
2024-05-28 20:00,LOT-0463,16,EQ-02,산화,A조,297.7,1016.0,4.86,100.13,0.584,126.2,19.85,43.7,,0
2024-05-28 23:00,LOT-0080,9,EQ-04,포토,C조,307.0,1018.2,4.18,104.6,0.469,112.3,21.56,50.2,파티클,1
2024-05-29 07:00,LOT-0738,6,EQ-02,세정,B조,299.9,1013.2,4.65,101.4,0.623,118.7,19.34,45.0,,0
2024-05-29 14:00,LOT-0199,13,EQ-02,식각,C조,291.3,1011.9,5.65,95.86,0.651,130.7,20.71,48.3,,0
2024-05-29 21:00,LOT-0113,20,EQ-04,식각,C조,302.7,1013.7,4.9,100.18,0.475,132.7,20.28,46.1,,0
2024-05-30 02:00,LOT-0396,16,EQ-03,세정,B조,297.2,1025.5,5.0,98.18,0.489,122.9,19.17,43.8,,0
2024-05-30 09:00,LOT-0161,21,EQ-04,식각,C조,302.9,1023.0,5.11,99.33,0.386,112.8,21.03,46.6,,0
2024-05-30 14:00,LOT-0718,18,EQ-02,세정,A조,311.2,1002.1,5.47,112.0,0.618,126.7,19.74,40.9,,0
2024-05-30 19:00,LOT-0157,10,EQ-01,식각,A조,301.5,1006.1,5.47,98.41,0.601,119.3,22.07,55.8,,0
2024-05-31 09:00,LOT-0742,19,EQ-03,산화,C조,301.4,1018.1,4.77,101.83,0.597,113.1,20.41,42.9,,0
2024-05-31 10:00,LOT-0067,24,EQ-03,식각,B조,300.9,1017.1,4.24,106.24,0.436,117.7,20.81,46.1,,0
2024-05-31 11:00,LOT-0639,23,EQ-03,세정,C조,295.2,1017.6,4.72,93.41,0.441,123.3,21.45,50.5,,0
2024-05-31 12:00,LOT-0198,2,EQ-02,세정,C조,297.6,1005.0,4.1,102.41,0.575,114.6,18.73,41.0,,0
2024-05-31 15:00,LOT-0532,13,EQ-04,식각,B조,306.9,1003.9,4.53,102.38,0.519,118.1,21.98,34.1,,0
2024-05-31 18:00,LOT-0037,24,EQ-01,세정,C조,299.7,997.0,4.02,98.14,0.503,119.4,21.44,41.7,,0
2024-06-01 01:00,LOT-0849,24,EQ-04,증착,C조,298.5,1013.4,5.19,103.98,0.463,132.5,21.28,49.0,,0
2024-06-01 06:00,LOT-0309,25,EQ-01,포토,A조,299.7,1018.5,4.5,102.41,0.472,114.5,20.73,48.6,,0
2024-06-01 11:00,LOT-0267,17,EQ-01,식각,C조,303.0,997.6,5.26,102.64,0.575,118.7,19.11,43.6,,0
2024-06-01 12:00,LOT-0736,1,EQ-02,산화,A조,302.9,1010.9,5.13,103.79,0.639,123.2,22.34,48.5,정렬 불량,1
2024-06-01 14:00,LOT-0868,17,EQ-01,식각,C조,302.1,1013.3,4.87,98.67,0.473,131.5,19.64,48.5,,0
2024-06-01 15:00,LOT-0062,12,EQ-01,포토,B조,303.8,1005.8,4.87,103.83,0.496,116.0,20.65,44.2,,0
2024-06-01 16:00,LOT-0007,23,EQ-03,포토,B조,300.9,1019.4,5.28,100.3,0.493,105.6,18.54,47.2,,0
2024-06-01 19:00,LOT-0164,1,EQ-01,세정,B조,303.0,1012.7,4.62,100.59,0.489,120.1,19.1,43.3,,0
2024-06-02 01:00,LOT-0108,22,EQ-04,포토,B조,305.0,1017.5,5.17,106.74,0.529,113.8,22.62,46.1,,0
2024-06-02 02:00,LOT-0649,21,EQ-02,세정,B조,301.8,1009.1,5.03,97.98,0.5,112.8,20.71,45.6,,0
2024-06-02 03:00,LOT-0340,15,EQ-02,증착,A조,295.9,1015.9,5.27,99.46,0.569,121.1,20.89,44.9,,0
2024-06-02 04:00,LOT-0164,10,EQ-02,식각,C조,303.1,1006.4,5.18,102.93,0.741,118.5,19.83,50.4,,0
2024-06-02 06:00,LOT-0531,25,EQ-02,세정,A조,294.6,1015.3,4.91,96.61,0.679,111.3,19.56,44.0,,0
2024-06-02 07:00,LOT-0683,10,EQ-01,산화,B조,303.1,1001.1,4.24,101.53,0.392,115.7,20.42,41.8,,0
2024-06-02 08:00,LOT-0076,3,EQ-01,식각,B조,304.4,1010.3,4.88,102.15,0.488,120.4,19.62,40.8,,0
2024-06-02 10:00,LOT-0410,5,EQ-04,세정,C조,311.1,1001.7,5.69,105.96,0.503,117.7,19.0,42.4,,0
2024-06-02 20:00,LOT-0217,21,EQ-04,증착,A조,297.0,1013.6,5.08,101.33,0.472,115.0,21.94,40.4,,0
2024-06-02 21:00,LOT-0474,14,EQ-03,증착,A조,306.6,1012.6,5.06,106.35,0.416,110.5,19.38,51.1,,0
2024-06-03 00:00,LOT-0691,7,EQ-01,세정,C조,298.6,1006.0,5.15,96.55,0.507,121.8,21.57,43.7,,0
2024-06-03 02:00,LOT-0440,24,EQ-03,포토,A조,292.9,1031.9,5.01,94.0,0.494,118.3,20.96,50.4,,0
2024-06-03 05:00,LOT-0330,16,EQ-02,식각,C조,298.0,1009.5,4.21,97.85,0.586,112.3,18.23,43.6,,0
2024-06-03 06:00,LOT-0199,3,EQ-03,식각,C조,304.5,1036.9,5.35,106.44,0.473,117.6,18.67,42.7,,0
2024-06-03 18:00,LOT-0147,20,EQ-03,식각,B조,308.4,1019.3,4.41,105.07,0.534,125.7,20.12,43.0,,0
2024-06-03 23:00,LOT-0427,21,EQ-03,산화,B조,297.9,1024.5,4.71,101.3,0.523,116.8,20.26,54.0,,0
2024-06-04 03:00,LOT-0509,15,EQ-01,포토,A조,298.2,1018.9,5.42,100.62,0.568,121.1,21.88,48.2,,0
2024-06-04 04:00,LOT-0555,5,EQ-02,세정,B조,306.8,1015.0,4.49,100.78,0.622,122.7,20.9,47.4,,0
2024-06-04 11:00,LOT-0204,20,EQ-01,세정,A조,297.1,1019.6,5.09,97.63,0.536,123.3,22.95,46.9,,0
2024-06-04 17:00,LOT-0533,13,EQ-03,증착,C조,300.8,1024.7,4.94,99.63,0.492,125.2,20.46,46.4,,0
2024-06-04 22:00,LOT-0121,14,EQ-04,산화,C조,309.3,1021.8,5.33,102.55,0.544,120.0,21.97,48.4,,0
2024-06-05 03:00,LOT-0350,7,EQ-01,세정,B조,299.3,1009.2,5.49,102.53,0.505,115.8,16.96,44.4,,0
2024-06-05 10:00,LOT-0220,13,EQ-01,세정,A조,300.8,1011.0,5.05,102.19,0.518,127.8,18.46,38.9,,0
2024-06-05 11:00,LOT-0303,14,EQ-03,포토,A조,300.6,1014.4,4.95,97.27,0.462,116.8,20.13,41.8,오염,1
2024-06-05 12:00,LOT-0494,5,EQ-01,산화,A조,301.9,1021.0,3.87,98.62,0.492,130.3,20.12,46.4,,0
2024-06-05 14:00,LOT-0742,11,EQ-03,포토,B조,302.5,1026.1,5.37,104.02,0.531,118.9,19.37,47.3,,0
2024-06-05 21:00,LOT-0307,14,EQ-01,세정,C조,303.3,1011.5,5.26,100.87,0.526,111.7,18.55,38.9,,0
2024-06-05 23:00,LOT-0729,23,EQ-03,포토,B조,299.0,1021.4,4.84,99.71,0.505,120.1,18.88,41.0,,0
2024-06-06 03:00,LOT-0394,25,EQ-02,식각,A조,289.8,1031.1,5.08,101.79,0.597,112.2,19.98,43.7,,0
2024-06-06 05:00,LOT-0232,24,EQ-04,식각,C조,299.9,1010.2,4.96,99.88,0.496,115.8,19.25,43.5,전기적 특성 불량,1
2024-06-06 07:00,LOT-0044,3,EQ-02,산화,B조,304.0,999.6,4.67,103.26,0.65,119.0,17.63,48.5,,0
2024-06-06 14:00,LOT-0815,18,EQ-01,증착,C조,292.4,1014.9,4.78,93.95,0.502,116.4,17.9,39.5,,0
2024-06-06 17:00,LOT-0504,21,EQ-02,증착,B조,300.3,1004.0,4.85,99.39,0.724,126.3,18.71,46.5,,0
2024-06-07 03:00,LOT-0154,9,EQ-04,증착,A조,294.8,1021.0,5.38,97.27,0.427,124.3,19.86,44.2,,0
2024-06-07 05:00,LOT-0540,10,EQ-04,세정,A조,298.5,997.9,4.61,96.3,0.495,124.8,17.61,42.2,,0
2024-06-07 07:00,LOT-0210,24,EQ-02,세정,B조,300.8,1007.2,5.36,96.03,0.593,123.5,17.37,46.5,,0
2024-06-07 08:00,LOT-0894,23,EQ-02,식각,A조,298.5,1003.0,4.99,99.28,0.612,121.6,20.58,45.3,,0
2024-06-07 11:00,LOT-0896,18,EQ-04,세정,B조,303.2,1003.2,4.26,99.86,0.494,126.3,20.85,47.9,,0
2024-06-07 16:00,LOT-0572,17,EQ-02,증착,A조,287.6,1004.5,5.1,97.28,0.718,113.3,19.97,43.2,,0
2024-06-07 17:00,LOT-0735,10,EQ-03,포토,C조,301.3,1039.5,4.66,100.42,0.528,115.0,21.59,48.0,,0
2024-06-07 19:00,LOT-0127,24,EQ-04,세정,A조,292.3,1013.0,5.13,96.2,0.496,117.8,20.29,41.3,,0
2024-06-07 23:00,LOT-0824,25,EQ-03,세정,A조,305.4,1030.9,5.54,99.69,0.522,113.9,19.62,50.5,,0
2024-06-08 00:00,LOT-0100,14,EQ-01,세정,B조,299.3,1021.5,4.71,97.89,0.445,117.8,19.64,48.6,,0
2024-06-08 01:00,LOT-0547,5,EQ-02,식각,C조,292.0,1012.6,4.53,94.3,0.647,113.2,22.6,47.1,,0
2024-06-08 05:00,LOT-0635,15,EQ-03,식각,B조,301.2,1013.9,4.41,105.97,0.465,125.4,21.92,43.6,,0
2024-06-08 06:00,LOT-0771,15,EQ-04,식각,B조,303.7,1019.0,4.74,101.84,0.586,112.3,19.27,48.3,오염,1
2024-06-08 09:00,LOT-0531,1,EQ-02,포토,A조,302.9,1005.7,4.52,100.03,0.669,117.3,20.97,44.6,정렬 불량,1
2024-06-08 14:00,LOT-0244,22,EQ-03,식각,B조,299.4,1016.6,4.91,96.43,0.453,110.0,19.65,41.2,,0
2024-06-08 15:00,LOT-0319,24,EQ-03,포토,B조,295.4,1016.8,4.46,96.87,0.515,112.5,19.28,49.0,정렬 불량,1
2024-06-08 16:00,LOT-0872,4,EQ-02,식각,B조,305.1,1006.6,4.68,105.19,0.59,118.6,17.44,48.9,,0
2024-06-08 20:00,LOT-0063,10,EQ-01,식각,B조,298.9,1012.3,5.21,101.29,0.545,120.1,19.01,40.8,,0
2024-06-09 00:00,LOT-0227,5,EQ-04,산화,C조,305.0,1010.9,5.1,103.81,0.472,115.4,22.0,48.6,,0
2024-06-09 06:00,LOT-0124,19,EQ-01,증착,C조,296.0,1016.9,5.24,98.39,0.496,112.4,20.05,40.1,,0
2024-06-09 09:00,LOT-0880,9,EQ-02,산화,C조,291.5,1007.5,4.97,98.24,0.644,112.9,22.79,42.4,,0
2024-06-09 12:00,LOT-0270,6,EQ-01,식각,C조,299.8,989.5,5.07,96.68,0.485,107.4,18.2,46.5,,0
2024-06-09 14:00,LOT-0263,6,EQ-03,식각,C조,304.0,1038.8,4.65,98.96,0.504,92.6,20.8,42.7,,0
2024-06-09 16:00,LOT-0469,16,EQ-01,세정,B조,299.2,1011.3,5.27,95.76,0.529,125.1,20.36,48.8,,0
2024-06-09 18:00,LOT-0493,14,EQ-04,산화,B조,298.7,1007.4,5.12,101.21,0.45,116.6,20.63,48.2,,0
2024-06-10 00:00,LOT-0038,3,EQ-01,산화,A조,301.9,1007.5,4.71,105.74,0.451,112.9,18.82,46.1,,0
2024-06-10 02:00,LOT-0269,20,EQ-04,포토,C조,300.4,1000.2,5.65,101.69,0.496,127.7,19.22,38.4,,0
2024-06-10 04:00,LOT-0592,3,EQ-01,증착,A조,304.3,1018.9,4.92,101.65,0.525,118.7,19.5,45.7,,0
2024-06-10 09:00,LOT-0262,21,EQ-04,식각,C조,290.8,1019.5,4.56,93.82,0.502,117.7,18.09,39.6,오염,1
2024-06-10 20:00,LOT-0026,24,EQ-02,세정,A조,303.9,1008.3,4.8,96.34,0.696,130.6,18.42,42.7,,0
2024-06-11 03:00,LOT-0708,18,EQ-02,세정,A조,305.6,1011.5,4.48,101.82,0.558,117.2,23.17,45.9,,0
2024-06-11 04:00,LOT-0848,5,EQ-04,산화,A조,299.3,1002.9,5.33,97.34,0.564,121.5,18.34,44.8,,0
2024-06-11 20:00,LOT-0775,15,EQ-02,증착,B조,289.4,1002.1,5.18,95.7,0.688,120.5,20.55,43.4,,0
2024-06-12 01:00,LOT-0310,23,EQ-02,산화,C조,312.5,1012.6,5.2,108.55,0.763,115.5,19.79,51.1,,0
2024-06-12 04:00,LOT-0660,25,EQ-03,증착,C조,296.9,1017.4,5.6,100.87,0.514,117.2,21.85,43.7,,0
2024-06-12 09:00,LOT-0233,16,EQ-02,세정,A조,298.7,1014.8,5.28,97.85,0.649,129.2,21.28,47.9,,0
2024-06-12 19:00,LOT-0314,3,EQ-02,포토,B조,294.2,995.0,5.16,97.15,0.634,126.5,19.01,41.5,식각 과다,1
2024-06-13 00:00,LOT-0230,12,EQ-02,증착,C조,305.3,992.8,4.85,100.38,0.699,125.3,19.77,44.9,,0
2024-06-13 10:00,LOT-0023,15,EQ-02,세정,B조,296.0,997.9,4.98,96.73,0.761,124.8,20.16,41.3,,0
2024-06-14 00:00,LOT-0354,4,EQ-03,산화,B조,291.4,1022.9,5.46,98.75,0.418,128.2,19.76,40.3,,0
2024-06-14 06:00,LOT-0014,17,EQ-03,세정,A조,298.3,1020.7,4.49,98.61,0.485,117.0,17.79,42.1,,0
2024-06-14 19:00,LOT-0546,19,EQ-02,포토,B조,295.2,1013.2,5.39,94.87,0.634,110.7,20.21,38.0,전기적 특성 불량,1
2024-06-14 22:00,LOT-0531,21,EQ-01,식각,C조,298.0,1021.8,5.25,102.75,0.57,113.9,20.89,42.2,,0
2024-06-15 00:00,LOT-0687,19,EQ-04,산화,C조,304.7,999.3,4.73,98.56,0.41,134.5,18.58,47.0,,0
2024-06-15 02:00,LOT-0678,23,EQ-01,세정,A조,301.7,1002.9,5.38,100.82,0.502,114.4,19.76,41.1,,0
2024-06-16 03:00,LOT-0785,20,EQ-04,세정,C조,295.1,1021.3,5.1,96.99,0.58,125.4,21.68,42.5,전기적 특성 불량,1
2024-06-16 06:00,LOT-0416,20,EQ-01,산화,C조,297.1,1012.4,4.91,102.77,0.466,126.5,20.83,48.3,,0
2024-06-16 08:00,LOT-0750,19,EQ-02,세정,C조,305.9,1012.7,5.07,102.39,0.575,127.7,18.56,43.7,,0
2024-06-16 10:00,LOT-0423,1,EQ-01,식각,A조,297.7,1014.8,4.75,101.66,0.453,117.4,19.78,40.6,,0
2024-06-16 12:00,LOT-0891,19,EQ-03,포토,B조,301.0,1030.7,4.96,103.92,0.453,117.9,19.6,48.8,,0
2024-06-16 15:00,LOT-0224,19,EQ-01,산화,C조,301.1,1008.6,5.5,99.92,0.559,112.3,21.34,44.4,,0
2024-06-16 20:00,LOT-0642,4,EQ-03,식각,A조,299.4,1027.0,4.89,101.43,0.543,107.8,20.38,45.8,,0
2024-06-17 02:00,LOT-0470,15,EQ-01,포토,B조,300.3,1004.3,5.52,98.98,0.451,128.5,19.46,45.1,,0
2024-06-17 09:00,LOT-0158,12,EQ-04,세정,C조,303.8,1007.2,4.61,105.55,0.486,116.2,20.41,45.5,오염,1
2024-06-17 12:00,LOT-0636,2,EQ-02,세정,B조,289.6,1013.6,5.0,98.28,0.681,122.6,18.68,47.8,,0
2024-06-18 09:00,LOT-0719,5,EQ-04,증착,C조,297.1,1014.7,4.64,99.52,0.501,116.6,21.64,42.4,,0
2024-06-18 11:00,LOT-0277,1,EQ-03,식각,B조,296.6,1022.6,4.76,98.35,0.489,122.1,17.87,46.8,,0
2024-06-18 12:00,LOT-0273,17,EQ-03,포토,A조,301.8,1028.4,5.39,102.86,0.583,115.8,18.84,49.3,,0
2024-06-18 17:00,LOT-0173,6,EQ-04,산화,A조,300.4,1017.3,4.91,98.27,0.516,123.0,19.91,44.9,,0
2024-06-18 19:00,LOT-0256,11,EQ-04,포토,A조,300.7,1013.9,5.0,104.24,0.401,115.2,19.77,38.9,,0
2024-06-18 23:00,LOT-0167,16,EQ-03,증착,B조,298.8,1011.4,5.24,99.4,0.505,111.8,17.26,49.5,패턴 불량,1
2024-06-19 04:00,LOT-0130,19,EQ-03,증착,A조,300.0,1032.2,4.94,99.96,0.422,130.2,19.33,48.9,,0
2024-06-19 09:00,LOT-0114,2,EQ-03,식각,B조,294.5,1016.5,4.89,97.7,0.459,118.2,18.73,45.7,,0
2024-06-19 13:00,LOT-0315,2,EQ-01,포토,B조,298.7,1008.5,4.86,96.77,0.474,115.5,20.73,41.6,,0
2024-06-19 15:00,LOT-0153,12,EQ-02,식각,A조,299.1,1012.0,4.86,103.61,0.562,112.8,19.94,50.1,,0
2024-06-19 20:00,LOT-0595,17,EQ-01,식각,A조,301.9,1005.9,4.94,101.4,0.564,109.9,22.45,44.4,,0
2024-06-19 21:00,LOT-0564,15,EQ-01,산화,B조,303.3,1001.8,5.12,105.63,0.497,123.3,20.62,45.2,,0
2024-06-19 22:00,LOT-0728,12,EQ-01,식각,A조,301.2,1001.1,5.83,99.68,0.571,125.0,17.95,41.6,,0
2024-06-20 02:00,LOT-0551,6,EQ-01,세정,A조,303.6,1005.4,4.66,100.84,0.59,121.9,19.81,54.4,,0
2024-06-20 08:00,LOT-0713,13,EQ-02,세정,C조,303.5,1012.9,5.98,102.58,0.624,119.4,20.4,42.4,,0
2024-06-20 14:00,LOT-0110,14,EQ-04,산화,B조,303.2,1011.1,5.51,100.25,0.539,125.1,21.45,50.3,,0
2024-06-20 17:00,LOT-0479,19,EQ-02,포토,B조,299.6,1020.4,4.9,100.45,0.551,127.4,21.26,41.2,,0
2024-06-20 19:00,LOT-0440,24,EQ-01,증착,C조,299.7,1002.1,4.36,101.38,0.488,124.1,19.73,45.8,,0
2024-06-20 20:00,LOT-0370,20,EQ-04,식각,C조,301.8,1019.0,4.83,101.27,0.47,128.7,18.22,47.6,,0
2024-06-20 22:00,LOT-0084,4,EQ-04,세정,C조,303.4,1013.4,4.73,101.98,0.432,116.3,22.2,43.2,,0
2024-06-21 09:00,LOT-0432,15,EQ-03,증착,A조,306.2,1031.4,5.62,106.69,0.524,117.5,19.35,43.3,,0
2024-06-21 10:00,LOT-0002,14,EQ-01,식각,A조,294.4,1002.1,5.19,96.76,0.499,117.8,19.67,41.0,,0
2024-06-21 13:00,LOT-0094,25,EQ-02,증착,A조,291.5,1009.9,4.45,93.19,0.484,125.8,19.73,39.4,,0
2024-06-22 01:00,LOT-0256,25,EQ-03,포토,A조,300.7,1011.9,5.3,99.55,0.44,113.8,19.17,41.9,,0
2024-06-22 03:00,LOT-0318,14,EQ-02,산화,B조,295.8,1015.0,5.01,93.49,0.612,112.6,22.54,48.6,,0
2024-06-22 12:00,LOT-0742,24,EQ-02,식각,A조,312.6,1006.3,5.1,103.53,0.698,116.7,20.39,38.2,,0
2024-06-22 16:00,LOT-0815,14,EQ-01,증착,B조,302.0,1021.7,5.33,102.58,0.441,117.5,18.26,47.8,,0
2024-06-22 22:00,LOT-0371,7,EQ-01,식각,A조,299.8,999.9,4.14,95.86,0.539,127.9,19.36,38.5,,0
2024-06-23 04:00,LOT-0833,1,EQ-03,증착,A조,299.8,1031.0,4.95,101.5,0.472,109.2,20.14,42.7,,0
2024-06-23 11:00,LOT-0109,3,EQ-04,산화,A조,299.9,1015.5,5.22,94.9,0.463,116.6,19.96,48.0,파티클,1
2024-06-23 15:00,LOT-0353,2,EQ-02,세정,B조,292.3,1016.5,5.44,95.0,0.664,106.4,18.71,44.2,,0
2024-06-23 22:00,LOT-0218,21,EQ-02,포토,C조,304.0,1008.7,5.07,98.61,0.508,116.3,19.77,49.3,,0
2024-06-24 17:00,LOT-0619,23,EQ-02,포토,A조,306.7,1011.9,4.82,104.08,0.6,129.2,21.01,51.9,,0
2024-06-24 19:00,LOT-0543,8,EQ-04,산화,B조,291.0,1003.8,5.37,96.6,0.481,113.6,22.18,43.2,패턴 불량,1
2024-06-25 03:00,LOT-0224,13,EQ-03,세정,B조,299.0,1022.6,4.75,98.24,0.518,119.2,21.24,46.2,,0
2024-06-25 06:00,LOT-0799,1,EQ-03,산화,C조,305.0,1031.6,4.88,103.53,0.444,125.8,19.29,47.6,,0
2024-06-25 10:00,LOT-0224,20,EQ-02,포토,A조,289.1,1006.0,4.93,95.07,0.776,122.0,19.88,46.3,식각 과다,1
2024-06-25 11:00,LOT-0392,7,EQ-04,산화,A조,306.2,1007.4,4.36,99.7,0.501,107.4,20.28,41.8,,0
2024-06-25 13:00,LOT-0582,9,EQ-01,세정,A조,298.0,998.5,5.18,100.42,0.472,130.1,17.7,44.5,,0
2024-06-25 14:00,LOT-0818,7,EQ-01,산화,B조,299.6,1017.3,4.78,95.88,0.486,121.1,19.57,44.3,,0
2024-06-25 18:00,LOT-0109,9,EQ-01,산화,A조,300.8,1007.8,4.76,102.93,0.518,118.2,19.74,46.0,,0
2024-06-25 23:00,LOT-0284,4,EQ-02,산화,C조,292.9,1023.5,4.78,95.16,0.646,119.1,19.83,43.8,,0
2024-06-26 07:00,LOT-0531,4,EQ-01,식각,A조,298.8,1021.3,4.82,97.13,0.528,125.9,22.47,50.3,,0
2024-06-26 12:00,LOT-0021,8,EQ-04,세정,C조,299.9,1012.3,4.27,101.21,0.48,124.9,20.38,46.2,식각 과다,1
2024-06-27 00:00,LOT-0681,21,EQ-02,증착,C조,304.0,1009.4,5.3,100.76,0.666,113.3,18.76,48.3,,0
2024-06-27 01:00,LOT-0387,24,EQ-04,증착,B조,307.2,1001.1,5.53,105.26,0.52,130.0,19.81,47.5,,0
2024-06-28 01:00,LOT-0102,14,EQ-02,세정,C조,300.9,1014.7,5.36,99.25,0.653,117.4,20.54,46.3,,0
2024-06-28 05:00,LOT-0872,11,EQ-04,산화,B조,304.6,1007.7,4.61,103.47,0.516,107.2,18.85,49.0,,0
2024-06-28 09:00,LOT-0633,23,EQ-03,포토,C조,301.0,1019.8,5.01,95.98,0.428,120.3,17.86,45.5,,0
2024-06-28 12:00,LOT-0166,2,EQ-03,포토,C조,302.5,1028.9,4.47,100.67,0.541,122.4,21.69,46.9,,0
2024-06-28 13:00,LOT-0071,10,EQ-04,증착,C조,299.6,1019.2,4.61,100.19,0.544,108.1,19.42,43.0,,0
2024-06-28 16:00,LOT-0581,5,EQ-01,세정,B조,301.4,1012.2,5.27,100.52,0.431,122.3,19.41,38.7,,0
2024-06-28 22:00,LOT-0589,13,EQ-01,세정,B조,300.9,994.6,4.74,99.93,0.465,114.1,19.31,52.4,,0
2024-06-29 02:00,LOT-0362,22,EQ-02,세정,B조,309.4,1019.5,5.34,103.71,0.583,119.6,19.51,44.3,,0
2024-06-29 18:00,LOT-0725,1,EQ-02,산화,C조,300.4,1018.9,4.57,99.66,0.707,113.9,19.33,49.8,,0
2024-06-30 09:00,LOT-0380,9,EQ-02,세정,B조,301.6,1015.7,5.29,102.87,0.548,125.7,19.78,44.0,,0
2024-06-30 18:00,LOT-0105,19,EQ-01,산화,C조,298.9,1001.7,4.81,99.33,0.555,127.6,20.33,47.3,,0
2024-07-01 10:00,LOT-0625,17,EQ-03,세정,B조,300.9,1021.7,5.24,101.11,0.532,113.9,20.38,41.9,,0
2024-07-01 16:00,LOT-0564,14,EQ-04,세정,B조,302.9,994.8,4.7,101.49,0.568,122.1,18.68,46.8,,0
2024-07-01 18:00,LOT-0898,24,EQ-01,산화,C조,301.9,1010.5,5.0,103.81,0.51,129.0,18.92,42.2,,0
2024-07-01 20:00,LOT-0314,21,EQ-03,증착,B조,300.2,1015.4,4.9,101.15,0.437,122.3,17.72,43.3,,0
2024-07-02 03:00,LOT-0181,25,EQ-02,증착,C조,298.2,1013.3,4.9,97.87,0.709,118.4,19.87,38.4,,0
2024-07-02 07:00,LOT-0300,24,EQ-02,식각,A조,300.5,1022.1,4.64,101.96,0.724,115.6,20.47,44.4,,0
2024-07-02 10:00,LOT-0754,13,EQ-03,포토,B조,304.1,1046.0,4.04,100.08,0.548,125.1,20.18,44.6,,0
2024-07-02 21:00,LOT-0670,23,EQ-04,증착,A조,291.9,1028.2,4.93,93.64,0.471,114.6,20.42,48.5,,0
2024-07-03 02:00,LOT-0371,18,EQ-01,산화,C조,294.9,1015.9,4.95,97.18,0.436,118.7,19.36,48.6,,0
2024-07-03 04:00,LOT-0653,21,EQ-04,포토,C조,303.2,1007.9,4.7,103.23,0.415,125.1,20.36,45.7,,0
2024-07-03 10:00,LOT-0807,25,EQ-01,산화,C조,293.8,1014.7,5.18,100.27,0.469,126.8,19.87,48.4,,0
2024-07-03 15:00,LOT-0660,16,EQ-01,포토,C조,294.9,1013.2,5.02,96.79,0.505,117.4,19.81,43.5,패턴 불량,1
2024-07-03 17:00,LOT-0136,2,EQ-01,증착,B조,300.7,1010.9,4.66,97.21,0.436,118.5,19.95,51.5,,0
