공정명,설비번호,온도_섭씨,압력_Pa,가스유량_slm,두께_nm,진공도_mTorr,습도_pct,검사결과
식각,EQ-03,300.0,997.3,53.67,100.51,5.5,49.8,0
식각,EQ-03,294.6,1018.2,50.88,95.48,4.61,42.7,0
포토,EQ-02,299.6,996.3,51.55,98.23,5.46,53.8,0
포토,EQ-04,307.2,1028.8,52.35,102.23,5.02,45.9,0
증착,EQ-02,296.6,1017.8,50.85,95.13,5.04,43.5,0
증착,EQ-04,298.9,1013.9,52.66,98.46,5.08,44.3,0
포토,EQ-01,293.8,993.5,48.34,96.54,4.94,46.7,1
증착,EQ-02,297.6,1024.2,52.73,98.44,5.35,47.5,0
산화,EQ-01,298.1,1034.7,49.55,100.96,5.26,52.4,0
증착,EQ-03,308.8,1003.1,51.47,103.16,5.28,47.9,0
식각,EQ-01,303.4,1008.0,49.13,101.28,5.0,42.0,0
산화,EQ-01,299.3,1007.9,50.26,96.02,5.66,47.2,1
식각,EQ-04,306.2,1010.9,49.29,104.09,4.9,42.0,1
세정,EQ-01,303.4,1007.1,56.0,101.6,5.09,43.7,0
포토,EQ-02,294.2,1013.6,48.3,95.32,5.5,47.6,0
산화,EQ-03,302.2,990.2,50.24,100.37,5.39,46.6,1
증착,EQ-03,302.2,1003.0,47.66,99.14,4.77,48.9,1
세정,EQ-03,296.5,994.7,46.21,97.9,5.28,51.0,0
증착,EQ-04,300.6,1008.9,52.53,100.77,5.5,44.0,1
세정,EQ-04,300.8,1011.9,50.97,100.5,5.11,40.1,0
포토,EQ-02,291.2,1006.9,51.29,95.78,4.91,50.7,0
세정,EQ-04,302.0,1020.3,51.2,97.96,5.49,42.0,0
식각,EQ-01,303.3,1012.3,52.81,103.51,5.38,47.3,0
증착,EQ-03,303.2,1011.9,52.14,101.65,5.16,43.8,0
세정,EQ-02,294.4,1006.7,51.32,98.26,4.96,45.7,0
산화,EQ-03,288.8,1013.2,47.63,93.27,5.58,40.3,1
식각,EQ-04,305.0,1010.5,51.98,107.97,4.54,42.3,0
산화,EQ-01,294.6,1003.8,45.07,93.93,5.5,47.6,0
포토,EQ-02,304.2,1020.7,49.88,101.98,5.22,43.1,0
산화,EQ-04,293.9,1008.1,52.27,92.64,4.81,45.7,0
식각,EQ-04,301.9,1014.7,46.18,104.01,4.77,48.1,0
세정,EQ-04,294.3,1012.3,58.5,93.84,4.58,47.7,0
산화,EQ-03,303.1,1017.1,54.25,102.86,5.2,45.9,0
식각,EQ-04,310.3,1019.6,53.95,103.14,5.0,44.0,1
식각,EQ-03,300.4,1013.6,44.61,100.81,4.62,47.4,0
포토,EQ-01,296.9,1014.0,47.77,99.82,5.14,40.9,0
포토,EQ-03,289.3,1018.3,53.68,95.3,4.3,42.5,1
세정,EQ-02,294.7,1012.0,53.35,93.56,5.11,47.8,0
세정,EQ-01,301.5,1001.7,47.25,100.84,5.23,43.5,0
식각,EQ-03,305.8,997.9,49.93,104.88,5.0,41.2,0
증착,EQ-04,303.4,1005.8,55.92,99.83,4.41,45.9,0
증착,EQ-03,298.5,1028.9,53.43,102.99,5.18,48.0,0
식각,EQ-01,295.3,1000.2,49.2,95.97,5.33,44.6,0
식각,EQ-01,292.1,1035.3,45.17,96.8,4.91,39.4,1
산화,EQ-01,309.7,1018.0,51.13,107.35,4.83,35.1,0
세정,EQ-03,310.6,1004.2,51.0,104.11,4.76,43.9,0
증착,EQ-02,293.9,1010.6,52.97,98.47,5.09,42.9,1
포토,EQ-04,300.1,1007.7,55.38,100.65,5.09,46.6,0
세정,EQ-04,287.4,1031.2,44.42,93.14,5.25,45.0,1
식각,EQ-04,294.9,1014.0,50.59,99.89,4.91,43.9,0
증착,EQ-02,290.3,1025.0,48.89,92.72,4.72,48.9,1
산화,EQ-01,301.5,1007.4,46.84,97.96,5.32,43.8,0
산화,EQ-04,313.2,1011.4,47.46,108.54,5.03,39.3,1
세정,EQ-02,292.7,1015.0,46.41,94.7,4.52,43.8,0
산화,EQ-02,304.3,1019.3,46.71,103.13,4.64,46.7,0
산화,EQ-04,304.9,1017.7,49.65,102.94,5.22,44.2,0
포토,EQ-02,303.9,1021.3,,101.18,4.74,43.3,0
포토,EQ-03,296.9,1004.5,46.88,97.59,5.12,40.9,0
증착,EQ-04,308.6,1022.1,46.79,100.03,4.56,49.6,0
포토,EQ-04,304.5,1024.1,48.21,103.82,5.11,39.4,0
세정,EQ-02,310.3,1011.4,53.89,106.18,4.83,43.4,0
식각,EQ-02,298.7,1027.3,51.35,99.4,5.16,44.2,0
식각,EQ-04,298.3,1028.3,48.8,101.63,5.21,42.1,1
산화,EQ-01,303.3,1010.1,53.53,102.44,5.56,47.8,0
세정,EQ-01,297.3,1002.2,50.8,99.22,5.23,49.2,0
세정,EQ-03,302.6,1018.6,49.58,102.54,4.76,42.6,0
증착,EQ-01,306.4,1005.9,48.25,101.78,5.41,47.9,0
포토,EQ-02,302.8,1010.9,49.82,99.41,4.68,42.5,0
증착,EQ-01,295.1,1010.0,48.76,96.25,4.97,47.2,0
산화,EQ-02,302.1,1034.8,50.74,101.89,5.1,42.3,0
식각,EQ-01,296.9,1017.1,47.68,100.72,5.26,44.3,0
세정,EQ-03,307.7,1027.7,53.6,105.43,5.34,49.8,1
세정,EQ-02,300.8,1019.7,55.54,102.73,4.67,51.1,0
증착,EQ-01,295.5,1025.7,49.42,98.53,5.16,45.6,0
산화,EQ-04,298.5,1002.4,46.73,99.89,5.28,43.5,0
포토,EQ-04,295.2,1016.7,51.55,97.92,4.99,49.9,0
포토,EQ-04,293.0,1025.8,48.59,91.99,5.17,42.1,1
증착,EQ-02,302.7,1002.2,48.28,101.68,4.68,40.2,0
식각,EQ-03,290.9,1010.4,50.13,92.44,4.35,47.3,0
산화,EQ-01,291.7,1014.8,46.35,94.44,4.8,49.0,1
세정,EQ-01,300.9,997.4,48.89,98.07,4.64,50.1,0
산화,EQ-04,303.8,989.9,50.98,102.31,4.41,50.3,1
식각,EQ-04,301.0,1009.3,57.01,98.38,4.96,37.8,0
포토,EQ-01,304.2,1014.1,47.76,101.71,5.59,41.1,0
산화,EQ-03,299.8,1014.4,54.43,97.6,5.06,39.7,0
식각,EQ-01,302.0,1020.8,50.14,101.45,5.17,43.3,0
세정,EQ-03,302.7,1009.1,50.24,99.21,5.16,44.4,0
증착,EQ-03,301.8,1004.2,50.96,100.08,5.25,42.0,0
포토,EQ-02,304.1,1026.5,52.74,101.32,5.09,45.0,1
세정,EQ-02,299.6,1007.5,47.96,98.6,5.1,45.3,0
증착,EQ-01,310.5,1015.8,50.72,105.6,4.47,44.4,0
식각,EQ-02,293.2,1005.0,46.72,97.24,4.53,43.2,1
산화,EQ-04,305.1,1020.2,52.67,102.37,5.03,47.0,0
포토,EQ-04,299.7,995.2,46.24,98.26,5.07,41.0,0
증착,EQ-02,305.3,1014.4,46.48,100.44,4.65,42.4,0
증착,EQ-02,300.1,1007.8,47.62,100.37,5.52,46.7,0
식각,EQ-02,297.4,1000.8,50.87,99.25,4.8,53.2,0
세정,EQ-04,295.8,1007.8,45.66,95.62,4.28,41.9,1
산화,EQ-02,299.3,1014.8,45.39,104.0,4.7,40.3,0
세정,EQ-01,301.7,1005.4,41.2,100.45,4.51,49.7,0
산화,EQ-04,298.7,1014.1,50.98,100.22,5.18,38.2,0
포토,EQ-02,302.8,1002.0,49.2,100.72,5.55,40.9,0
세정,EQ-03,303.5,1023.8,51.78,100.57,4.8,38.6,0
식각,EQ-04,295.0,1013.7,49.58,94.65,5.32,,0
세정,EQ-02,301.1,1012.6,48.65,102.98,5.55,48.2,0
포토,EQ-04,289.7,1016.2,49.22,94.42,4.71,42.5,0
세정,EQ-03,309.1,1019.6,54.36,102.26,5.24,40.3,0
산화,EQ-03,297.7,997.3,50.51,98.1,5.48,46.7,0
산화,EQ-01,299.9,999.8,53.77,100.38,5.3,40.6,0
세정,EQ-01,301.6,1021.3,49.03,100.48,4.64,46.6,1
포토,EQ-03,293.4,1006.6,47.35,96.79,4.87,54.7,0
증착,EQ-03,298.2,1003.6,49.25,97.79,4.99,44.1,1
포토,EQ-04,306.0,1017.7,49.1,102.36,5.29,40.4,0
산화,EQ-04,306.1,1012.6,50.36,104.59,4.16,44.9,1
세정,EQ-04,294.4,1012.5,52.96,97.69,4.71,46.0,0
식각,EQ-01,294.6,1018.6,43.57,96.87,4.65,49.1,0
포토,EQ-03,301.1,1025.2,47.78,100.03,5.47,41.0,0
증착,EQ-03,294.0,995.2,50.47,94.65,4.65,45.0,0
산화,EQ-03,293.2,997.4,51.12,98.16,4.52,49.8,1
증착,EQ-04,306.2,1016.3,50.87,104.98,4.97,45.6,0
포토,EQ-03,294.8,1001.8,47.66,92.62,5.23,40.8,0
세정,EQ-01,301.0,1024.2,42.89,102.13,4.79,46.8,0
증착,EQ-02,304.0,1022.4,51.31,102.42,5.11,37.6,0
포토,EQ-04,299.7,1014.0,44.87,99.66,5.2,42.9,0
산화,EQ-04,302.4,1012.4,45.21,101.86,5.5,45.0,0
증착,EQ-04,309.2,1000.3,46.58,105.06,5.02,43.9,1
산화,EQ-04,301.3,994.4,49.19,100.63,5.22,37.1,0
세정,EQ-01,304.7,1016.6,49.06,100.46,4.61,44.7,0
산화,EQ-04,296.5,1029.7,48.24,99.31,4.45,42.8,0
식각,EQ-01,307.7,1001.3,51.63,104.51,5.64,45.3,0
증착,EQ-03,298.8,1011.5,55.07,99.38,4.46,42.7,1
포토,EQ-03,302.0,1011.3,46.59,102.62,5.0,45.9,0
증착,EQ-04,292.9,1013.7,48.45,95.12,4.78,47.4,1
증착,EQ-01,300.0,1008.1,50.17,100.88,5.06,48.8,0
세정,EQ-02,301.6,1024.3,49.02,102.25,4.15,45.6,0
세정,EQ-03,299.2,999.9,52.03,98.24,5.02,48.7,0
포토,EQ-04,307.7,1015.6,50.59,105.5,4.97,39.2,1
식각,EQ-04,293.9,1013.8,50.64,94.17,5.23,43.8,1
세정,EQ-03,300.9,1015.0,48.07,99.74,4.9,52.1,0
포토,EQ-01,296.8,1010.6,46.5,98.45,4.56,37.8,0
산화,EQ-01,306.4,1003.2,48.4,102.66,5.32,44.5,1
산화,EQ-01,303.2,1001.6,53.07,105.83,4.76,43.5,1
산화,EQ-04,292.7,993.1,49.67,93.97,5.12,45.5,1
식각,EQ-04,291.6,1022.5,53.61,95.94,5.61,36.9,0
포토,EQ-04,295.7,1003.1,52.9,98.92,5.17,43.4,0
식각,EQ-03,305.8,996.5,52.56,103.95,5.39,46.6,0
증착,EQ-02,302.9,1026.9,,103.55,5.4,53.6,0
증착,EQ-01,302.8,1001.2,57.09,99.77,4.91,43.1,0
포토,EQ-03,304.4,1012.9,51.12,101.04,4.57,35.5,0
포토,EQ-04,296.6,1000.1,45.55,97.39,4.63,43.3,0
증착,EQ-03,299.9,1012.0,53.51,101.42,4.85,45.9,0
포토,EQ-04,303.7,1012.0,48.24,102.37,5.12,48.6,0
세정,EQ-02,301.6,1025.7,53.22,100.66,4.23,44.6,0
식각,EQ-04,302.3,1025.9,45.27,102.45,5.44,42.9,0
산화,EQ-01,306.2,1024.5,45.48,105.01,5.01,46.7,1
포토,EQ-01,297.4,1015.1,47.84,99.06,6.01,47.9,1
산화,EQ-03,305.2,1007.7,48.24,102.39,4.97,36.2,0
산화,EQ-04,302.1,1021.5,46.99,100.55,4.74,50.4,0
산화,EQ-01,300.5,1011.6,47.94,100.78,4.48,40.7,0
산화,EQ-03,297.4,1021.8,,100.02,5.72,40.3,0
세정,EQ-01,301.0,1034.4,51.88,100.97,5.13,46.2,0
증착,EQ-01,301.4,1010.8,48.21,101.78,5.24,38.0,0
포토,EQ-03,296.8,1023.4,50.52,101.3,5.09,46.0,0
식각,EQ-01,301.4,1026.7,48.86,98.38,4.87,46.3,0
산화,EQ-02,305.0,997.5,52.7,106.87,5.0,42.7,0
포토,EQ-01,299.5,998.8,51.24,102.76,4.25,45.0,0
산화,EQ-01,302.5,1004.5,53.87,101.08,5.48,48.3,0
산화,EQ-03,294.5,991.7,52.14,101.56,4.81,40.9,0
세정,EQ-01,303.5,1000.4,42.91,100.2,4.49,43.0,1
산화,EQ-03,300.5,989.3,48.23,102.65,5.38,35.5,0
세정,EQ-01,300.6,1030.1,48.1,98.15,6.03,43.4,0
세정,EQ-01,294.9,1005.2,50.98,97.62,4.4,46.7,1
산화,EQ-04,306.0,1015.2,47.62,104.29,4.4,46.7,0
증착,EQ-02,300.7,1033.5,46.53,99.9,4.8,,1
포토,EQ-04,299.6,1005.4,46.56,101.07,4.68,49.7,0
산화,EQ-04,295.7,1011.3,51.92,96.59,4.9,41.7,0
포토,EQ-04,294.5,1006.1,50.56,97.17,5.06,40.9,0
증착,EQ-04,293.9,1010.0,49.01,96.2,4.83,42.7,0
증착,EQ-03,298.9,1007.7,50.07,100.57,4.9,41.3,0
증착,EQ-03,299.2,1024.0,55.39,98.03,5.04,48.4,1
증착,EQ-02,302.3,1012.5,52.88,100.95,5.23,43.0,0
산화,EQ-03,303.5,1012.2,50.73,103.6,5.1,42.4,0
식각,EQ-01,296.8,1010.4,46.31,97.52,4.81,46.3,0
증착,EQ-03,305.2,1013.3,48.63,106.19,4.75,46.2,0
산화,EQ-04,305.9,1009.2,48.35,101.85,4.46,43.1,0
식각,EQ-01,305.0,1005.4,50.6,103.33,5.09,45.1,0
식각,EQ-03,301.0,1020.8,51.04,99.98,5.33,51.9,0
포토,EQ-04,290.9,1010.9,52.76,94.33,5.57,46.2,0
포토,EQ-04,301.7,1005.6,54.27,101.91,4.59,45.1,0
증착,EQ-04,295.0,1008.6,50.41,99.36,4.87,53.8,0
증착,EQ-02,307.0,1013.5,43.95,104.18,5.23,40.1,1
세정,EQ-02,306.3,1020.2,51.71,105.07,4.8,48.6,0
세정,EQ-03,307.9,990.6,52.98,105.2,5.12,43.6,0
세정,EQ-03,301.6,1004.8,49.87,99.29,4.9,48.9,1
증착,EQ-03,295.1,1007.3,49.98,97.85,4.87,45.6,0
산화,EQ-03,303.8,1012.8,54.55,102.54,5.48,49.4,0
포토,EQ-03,296.4,1011.5,50.91,96.59,5.03,45.6,0
포토,EQ-03,297.0,1006.8,48.04,97.77,4.25,45.8,1
포토,EQ-01,298.1,1008.8,50.49,99.45,5.16,47.4,0
증착,EQ-02,296.2,1008.3,50.21,99.73,5.07,45.1,0
포토,EQ-01,297.1,1013.7,51.67,97.46,4.37,42.3,1
세정,EQ-02,303.3,1013.0,44.63,100.85,4.91,40.4,0
증착,EQ-04,306.9,1023.7,50.46,102.13,4.29,47.0,0
세정,EQ-04,301.9,1014.3,53.38,102.42,4.94,41.1,0
산화,EQ-02,304.7,1023.8,46.9,103.91,5.28,45.1,0
산화,EQ-01,301.9,1004.0,53.64,100.58,5.09,46.9,0
식각,EQ-03,301.1,1006.4,52.73,101.0,4.96,47.7,0
식각,EQ-02,306.9,991.3,44.24,99.1,5.06,48.6,1
포토,EQ-02,300.7,1007.8,54.4,101.46,4.56,51.2,0
포토,EQ-04,306.8,1006.9,50.31,104.74,5.15,52.4,0
세정,EQ-03,298.6,1019.9,44.58,99.24,4.43,46.6,0
증착,EQ-03,305.0,1018.1,51.3,103.61,5.01,44.2,0
포토,EQ-01,299.3,1001.8,49.79,100.86,4.59,40.0,0
증착,EQ-01,305.0,1026.7,46.84,102.68,5.13,37.8,0
세정,EQ-02,294.2,1012.5,51.45,99.0,5.3,40.5,0
산화,EQ-03,294.7,1009.6,50.15,100.86,5.09,43.9,0
식각,EQ-03,295.7,1035.2,50.36,98.78,4.85,52.4,0
증착,EQ-01,304.2,1019.5,45.1,100.91,5.43,45.1,0
증착,EQ-02,301.4,1026.0,50.44,103.23,4.3,46.0,0
산화,EQ-04,296.4,1024.5,51.23,101.12,4.96,51.4,0
증착,EQ-04,298.5,1005.1,49.58,98.35,4.87,50.8,0
세정,EQ-02,305.2,1007.5,43.53,103.15,4.59,41.9,0
산화,EQ-01,303.5,1005.1,52.4,104.31,4.17,47.1,0
식각,EQ-02,301.1,1009.8,43.95,97.81,4.93,45.6,0
식각,EQ-02,299.9,1008.6,49.93,102.21,4.99,43.6,1
세정,EQ-02,296.4,1001.8,45.07,96.97,5.57,47.2,1
포토,EQ-03,309.3,1024.2,53.92,103.76,4.62,43.9,0
식각,EQ-04,306.2,997.7,49.58,105.57,4.52,39.9,0
포토,EQ-02,304.8,1007.6,55.45,101.48,5.25,43.8,0
포토,EQ-02,303.0,1017.3,46.16,99.19,5.26,43.8,0
세정,EQ-01,292.9,1023.4,51.92,93.49,5.49,41.5,1
식각,EQ-01,299.5,1011.0,46.71,96.89,4.63,48.0,0
증착,EQ-04,299.8,1010.1,53.1,102.55,5.15,42.6,0
산화,EQ-02,304.9,1005.8,52.95,103.59,5.42,37.3,0
식각,EQ-02,299.4,1015.3,46.77,101.47,5.77,44.9,1
포토,EQ-01,303.3,1024.3,54.02,100.66,4.47,47.2,0
식각,EQ-02,300.0,1016.7,46.68,102.31,5.31,52.8,0
세정,EQ-03,303.1,1006.0,48.23,98.96,5.41,52.1,0
산화,EQ-04,301.8,1013.2,47.88,98.27,5.01,39.3,0
세정,EQ-01,300.1,1003.6,49.45,99.83,5.48,40.9,0
산화,EQ-01,290.2,1009.6,40.89,95.31,5.59,44.6,1
세정,EQ-02,309.0,993.2,48.65,105.07,4.61,42.2,1
증착,EQ-04,308.6,996.3,43.11,105.61,4.96,42.5,0
포토,EQ-02,321.3,1005.0,48.34,112.4,5.08,45.7,0
식각,EQ-02,294.6,1020.4,43.46,100.41,4.9,45.7,0
포토,EQ-03,305.9,997.3,51.25,103.3,5.17,50.8,0
포토,EQ-04,303.6,1026.9,47.78,104.15,4.97,36.3,0
포토,EQ-03,297.8,1025.4,49.29,100.27,4.97,50.5,0
식각,EQ-03,302.8,1014.6,52.84,98.22,4.96,42.5,0
산화,EQ-04,293.4,1015.5,53.31,98.61,5.91,48.8,0
산화,EQ-01,301.8,1008.0,48.29,98.85,5.37,42.8,0
세정,EQ-02,305.4,982.9,50.55,100.8,4.84,44.3,0
증착,EQ-01,309.3,1010.6,48.89,110.18,5.12,46.3,1
식각,EQ-02,309.1,1015.5,48.3,106.23,5.16,48.0,0
세정,EQ-01,303.5,1018.5,52.26,103.6,4.92,46.4,0
산화,EQ-04,298.4,1013.7,50.43,99.42,5.68,43.3,1
산화,EQ-04,299.7,1026.7,50.72,98.92,5.7,42.8,0
식각,EQ-02,295.8,1013.0,52.87,99.24,4.78,36.5,0
산화,EQ-04,295.0,1010.3,48.63,96.19,4.46,43.0,0
산화,EQ-04,298.0,1018.2,51.05,98.23,5.09,40.5,0
증착,EQ-03,295.5,1005.8,49.78,99.94,5.8,47.8,0
포토,EQ-03,305.0,1010.9,51.66,102.23,5.29,44.7,1
식각,EQ-03,307.3,1004.8,50.0,109.11,4.85,48.2,1
세정,EQ-01,303.2,1007.0,47.54,102.38,4.56,38.0,0
산화,EQ-03,295.0,1022.0,48.47,98.37,5.31,43.6,0
증착,EQ-01,298.0,1022.2,54.3,98.99,4.69,46.2,0
증착,EQ-03,306.0,1009.4,50.57,104.42,5.55,51.2,0
산화,EQ-01,295.8,1012.5,45.94,99.92,4.61,42.2,0
세정,EQ-02,304.1,1008.4,51.35,103.65,4.86,44.9,0
포토,EQ-03,303.6,1032.0,49.62,98.5,5.61,50.6,1
증착,EQ-03,295.2,1004.4,48.43,98.37,4.59,45.2,0
포토,EQ-03,301.8,998.8,50.64,100.46,5.49,44.4,0
포토,EQ-03,300.0,1002.9,51.52,100.8,4.9,46.1,0
식각,EQ-03,307.5,1021.8,51.16,103.51,5.42,48.2,1
세정,EQ-02,300.9,1015.6,51.43,99.26,5.01,47.9,0
산화,EQ-01,304.3,1004.5,48.32,105.96,5.12,41.1,0
증착,EQ-01,302.3,1022.3,46.73,97.09,4.36,48.8,1
포토,EQ-02,294.4,1013.7,48.41,95.15,5.06,46.7,1
증착,EQ-01,307.1,1012.0,50.12,101.5,4.97,49.6,0
증착,EQ-02,298.2,1008.7,48.82,97.9,5.48,37.5,0
세정,EQ-03,290.7,1008.0,49.82,97.83,5.39,49.3,0
세정,EQ-03,300.3,1028.1,53.66,97.7,5.09,43.0,0
포토,EQ-03,299.1,1020.5,47.79,97.25,5.3,46.8,0
세정,EQ-02,295.8,1025.7,51.67,96.49,4.73,44.3,0
세정,EQ-02,298.8,1021.0,45.54,97.28,4.65,36.7,0
세정,EQ-02,296.7,1017.5,47.26,101.33,5.52,48.4,0
산화,EQ-01,303.3,1003.3,45.68,102.42,5.34,44.6,0
포토,EQ-01,302.3,1014.6,50.93,97.55,4.5,49.4,0
식각,EQ-01,311.8,993.8,50.01,106.4,4.89,46.0,0
포토,EQ-03,303.0,1034.7,50.84,100.34,4.59,43.7,0
증착,EQ-04,302.2,1007.0,48.63,98.59,5.06,47.9,0
식각,EQ-01,297.6,1017.2,54.41,99.77,5.4,46.3,0
증착,EQ-01,297.3,1022.6,50.18,99.27,5.43,46.7,0
세정,EQ-04,302.8,998.1,43.66,102.94,5.24,45.7,0
세정,EQ-02,295.9,1012.3,53.5,95.19,4.76,45.4,0
포토,EQ-04,302.3,1012.0,52.33,102.79,4.46,47.0,0
세정,EQ-03,295.7,1017.6,55.04,100.03,5.67,45.7,0
식각,EQ-02,301.2,990.3,51.59,101.86,4.79,42.2,0
증착,EQ-03,296.8,1021.8,56.52,99.24,4.82,42.6,0
식각,EQ-03,302.0,1021.1,57.04,101.65,4.62,39.9,0
식각,EQ-04,305.5,1019.8,53.55,103.53,5.13,35.7,0
증착,EQ-04,288.1,1022.8,51.45,91.64,4.36,41.7,1
증착,EQ-02,300.3,1018.7,48.2,98.35,4.98,40.6,0
세정,EQ-01,304.9,1005.3,56.87,99.29,5.43,39.1,0
증착,EQ-03,306.5,1009.9,47.58,103.05,5.21,47.9,1
증착,EQ-04,306.7,1006.6,49.78,104.73,5.36,50.1,1
식각,EQ-02,301.9,1015.2,52.29,99.84,4.85,40.5,0
포토,EQ-01,294.6,988.6,48.76,95.99,5.06,43.8,0
세정,EQ-04,295.4,1001.5,52.79,98.28,5.14,54.6,1
포토,EQ-03,302.2,1005.9,44.8,104.41,4.84,49.5,0
식각,EQ-04,302.2,1017.6,53.31,98.15,4.85,46.3,0
포토,EQ-02,300.9,1021.5,51.46,96.23,4.8,48.3,0
식각,EQ-01,302.1,1006.8,44.25,99.97,4.53,43.8,0
산화,EQ-03,304.9,1001.8,51.55,102.29,4.57,39.1,0
포토,EQ-01,300.6,,47.7,98.4,4.8,37.0,0
증착,EQ-04,290.4,1009.5,49.98,92.88,4.07,43.7,1
식각,EQ-01,297.4,1021.1,46.51,101.1,4.77,46.1,0
식각,EQ-01,294.9,1024.7,50.71,99.04,4.86,47.9,0
증착,EQ-03,297.9,1002.1,54.37,103.91,4.77,43.2,0
식각,EQ-01,302.2,1014.8,52.97,100.96,5.34,39.9,0
식각,EQ-02,299.0,1004.7,49.0,98.73,4.79,39.3,0
증착,EQ-02,295.7,1008.2,50.52,97.31,5.14,42.8,0
식각,EQ-04,306.6,996.9,46.37,103.87,5.01,47.5,0
포토,EQ-02,301.4,1021.0,47.44,101.96,5.49,41.5,0
증착,EQ-03,300.9,1009.0,48.99,99.34,4.96,45.4,0
세정,EQ-01,291.9,1006.7,47.73,97.19,5.15,36.3,0
포토,EQ-04,308.3,997.8,48.0,107.08,4.98,51.7,1
증착,EQ-03,296.7,1010.0,46.56,97.15,4.78,45.2,0
세정,EQ-04,302.3,1032.0,45.67,100.56,5.35,37.2,0
세정,EQ-02,302.0,1018.4,47.28,98.57,5.26,43.6,0
산화,EQ-02,298.2,1008.6,54.17,94.56,4.84,49.7,0
산화,EQ-01,290.2,1002.7,48.09,94.58,5.45,43.1,0
산화,EQ-03,304.3,1007.3,49.12,100.79,4.96,47.0,0
산화,EQ-02,297.5,1013.4,49.33,97.63,4.95,45.7,0
산화,EQ-04,298.9,1000.5,47.09,97.85,5.28,51.7,0
식각,EQ-01,301.2,1014.6,47.24,98.71,5.11,43.9,0
포토,EQ-01,303.0,1028.0,51.8,105.17,5.52,50.0,0
식각,EQ-01,294.4,1020.2,45.81,97.43,5.09,47.1,1
포토,EQ-03,300.0,998.7,48.05,97.08,5.63,44.6,1
포토,EQ-04,296.6,1019.4,52.2,97.88,5.81,46.0,1
포토,EQ-01,297.3,1031.6,47.3,96.66,4.8,45.8,0
식각,EQ-02,302.5,1014.9,49.77,103.4,5.91,47.7,0
산화,EQ-01,302.1,1010.4,52.01,99.85,4.6,44.5,0
증착,EQ-01,295.0,1015.4,52.67,97.15,5.54,43.5,0
식각,EQ-02,302.1,1011.3,47.27,97.85,4.55,55.0,0
세정,EQ-03,306.6,1005.8,45.59,103.55,5.14,47.7,1
세정,EQ-03,305.7,1035.0,44.77,101.61,4.92,46.1,0
증착,EQ-01,293.7,1029.9,46.95,97.56,4.23,44.2,1
세정,EQ-04,298.3,1021.9,47.32,101.46,5.08,40.8,0
증착,EQ-01,304.3,1021.6,50.58,100.62,5.03,50.5,0
세정,EQ-01,298.9,998.1,48.0,99.69,5.33,38.9,0
증착,EQ-04,298.8,1007.1,51.73,101.12,4.52,42.3,0
증착,EQ-01,293.4,1033.3,48.49,95.97,4.67,45.9,0
산화,EQ-04,299.0,997.3,49.18,100.78,4.43,45.1,0
식각,EQ-03,292.6,995.9,51.46,93.38,5.2,47.0,1
증착,EQ-04,299.5,997.9,50.01,103.63,4.92,44.8,0
포토,EQ-03,303.1,1027.2,47.96,101.68,4.98,41.6,0
식각,EQ-02,302.5,987.4,53.27,99.94,4.77,44.4,0
식각,EQ-01,306.0,1009.7,50.38,104.01,4.78,45.4,0
식각,EQ-03,300.9,1032.4,44.85,103.28,5.39,47.9,0
산화,EQ-01,303.5,1018.0,54.56,99.99,5.42,43.9,1
세정,EQ-02,303.6,1009.6,52.31,103.61,5.12,43.1,0
식각,EQ-02,302.2,1011.0,51.48,102.91,5.07,41.9,0
증착,EQ-03,294.3,1000.2,46.86,95.08,5.02,42.0,0
포토,EQ-03,293.5,1034.8,58.35,98.99,5.07,42.2,1
식각,EQ-04,294.8,1002.1,49.78,98.23,4.92,42.0,1
증착,EQ-04,293.5,1022.4,48.41,91.41,5.65,54.5,1
포토,EQ-04,299.7,1013.3,52.99,99.93,4.76,48.2,0
산화,EQ-02,305.2,1004.5,49.08,102.64,4.72,44.9,0
식각,EQ-01,298.0,993.9,51.38,97.24,5.13,45.0,1
세정,EQ-04,297.9,1009.7,51.33,100.18,5.75,53.2,0
식각,EQ-02,299.0,1016.2,52.92,101.28,4.66,47.8,0
증착,EQ-01,303.4,1012.6,46.24,102.82,4.78,42.6,0
식각,EQ-02,296.9,1033.8,55.41,98.33,4.11,42.9,1
포토,EQ-01,303.1,1003.9,49.64,100.54,4.86,40.9,0
산화,EQ-04,299.8,1020.8,53.75,103.24,5.11,45.7,0
증착,EQ-02,292.2,1015.8,52.89,97.02,5.27,48.2,1
식각,EQ-01,302.6,1006.1,51.73,104.8,4.64,41.7,0
산화,EQ-04,307.0,1015.4,52.56,104.08,5.04,43.3,0
산화,EQ-02,297.3,1009.5,57.11,102.37,4.55,45.8,0
세정,EQ-02,300.0,1017.9,53.02,96.36,5.15,47.9,0
증착,EQ-04,305.3,1024.0,47.22,100.38,5.13,46.0,0
식각,EQ-04,301.3,1041.8,47.15,103.92,4.67,44.7,1
식각,EQ-03,308.5,1023.6,53.22,106.23,5.1,47.1,0
세정,EQ-03,302.8,1014.2,49.69,99.57,5.33,47.2,1
세정,EQ-02,305.6,1035.6,47.35,104.51,5.28,39.8,0
포토,EQ-03,304.6,1009.8,51.34,105.4,5.12,39.7,1
세정,EQ-01,309.5,1029.1,50.27,104.88,4.24,48.8,1
증착,EQ-01,288.2,1015.3,45.15,92.54,4.76,43.3,1
식각,EQ-02,288.6,1024.3,51.17,88.79,5.43,41.9,0
식각,EQ-02,300.4,1018.0,46.65,97.75,5.11,45.1,0
포토,EQ-01,296.2,1004.5,49.89,99.97,4.63,48.8,1
포토,EQ-02,299.5,1000.5,54.32,96.63,4.91,43.0,0
식각,EQ-02,302.5,995.3,48.42,102.2,4.63,45.2,0
증착,EQ-04,302.2,1009.7,47.44,101.44,5.65,40.6,0
증착,EQ-02,301.1,1013.7,48.28,98.99,5.45,49.1,0
증착,EQ-02,296.9,1018.9,52.15,96.68,4.99,47.2,0
식각,EQ-01,301.6,996.5,61.02,100.06,5.09,40.5,0
산화,EQ-04,305.3,1010.4,49.54,100.98,5.56,42.9,0
포토,EQ-03,300.6,1013.6,47.24,100.07,4.53,46.9,0
세정,EQ-02,305.4,1002.9,49.38,101.38,5.04,44.4,0
세정,EQ-03,303.3,1020.5,56.47,102.82,4.67,40.4,0
식각,EQ-02,300.1,1002.0,53.46,102.84,4.7,41.2,0
산화,EQ-03,298.5,1010.9,46.03,98.93,5.23,46.0,0
식각,EQ-03,291.1,995.9,52.38,93.79,4.97,44.5,1
산화,EQ-04,294.2,1020.7,52.66,98.79,5.65,45.1,1
증착,EQ-01,304.5,1007.1,47.21,105.2,4.47,41.1,0
세정,EQ-01,303.4,1004.6,46.98,101.72,4.78,42.7,0
산화,EQ-01,303.7,1006.4,57.11,101.43,5.19,45.0,0
식각,EQ-04,297.7,1017.2,53.17,100.87,4.81,45.0,0
세정,EQ-03,310.2,1002.1,53.71,104.17,5.38,47.4,0
세정,EQ-03,306.2,1003.3,52.52,104.36,5.52,45.6,1
세정,EQ-01,305.8,997.0,51.84,105.15,5.1,50.6,0
세정,EQ-03,298.3,1021.1,47.69,99.96,4.48,42.8,0
증착,EQ-04,298.7,1006.4,44.62,102.39,4.1,41.8,0
증착,EQ-01,294.4,1006.8,47.7,94.78,5.57,41.7,0
포토,EQ-04,290.7,1020.0,51.62,93.74,4.85,41.3,1
증착,EQ-04,305.3,1020.3,47.64,106.75,4.83,51.7,0
식각,EQ-02,298.4,1028.9,51.23,99.45,4.61,43.8,0
세정,EQ-02,298.7,1006.0,53.48,98.45,5.7,53.5,0
포토,EQ-02,297.2,1012.1,53.93,98.81,5.01,43.1,0
산화,EQ-01,301.7,1005.8,50.37,100.92,4.73,45.9,0
산화,EQ-01,307.4,1010.8,55.55,106.3,5.11,51.6,0
산화,EQ-02,300.8,1014.7,54.33,100.08,4.73,44.2,0
식각,EQ-04,303.2,1005.5,50.15,100.94,4.71,42.4,0
산화,EQ-04,308.1,1007.3,54.07,102.48,4.35,40.5,0
포토,EQ-01,299.2,1007.0,49.11,100.66,4.62,55.5,0
증착,EQ-01,301.0,1017.7,50.07,100.47,5.26,49.5,0
증착,EQ-01,303.9,1020.7,52.53,105.9,4.52,45.9,0
증착,EQ-03,300.6,998.2,47.55,102.37,4.74,47.5,0
식각,EQ-01,305.7,997.2,47.0,104.58,4.45,44.2,1
세정,EQ-04,307.5,1010.2,47.31,102.68,4.5,45.1,1
세정,EQ-03,308.2,1013.2,49.92,104.79,5.01,44.9,1
식각,EQ-01,297.4,1001.9,48.55,104.59,5.14,48.7,0
증착,EQ-04,298.6,1024.8,45.81,100.0,5.61,41.4,1
증착,EQ-01,303.6,1008.2,56.59,103.18,5.55,46.1,1
산화,EQ-03,303.9,1019.6,49.09,102.97,5.16,40.8,0
세정,EQ-03,295.6,1023.0,44.36,99.67,5.37,43.6,0
세정,EQ-02,312.0,992.1,47.49,104.35,4.78,45.9,0
증착,EQ-02,308.7,1002.8,49.56,104.33,4.66,40.1,1
산화,EQ-03,293.5,999.2,40.29,95.31,4.75,48.7,1
세정,EQ-03,298.5,1017.8,52.86,101.08,5.62,40.5,0
산화,EQ-01,301.6,996.7,51.76,102.86,4.79,39.8,0
증착,EQ-04,302.2,1020.6,50.6,102.98,4.88,45.1,0
산화,EQ-02,295.6,1002.5,55.25,99.46,5.39,42.9,0
증착,EQ-02,304.7,1002.1,50.54,103.09,5.25,46.2,0
세정,EQ-03,300.0,1006.3,46.05,103.01,5.04,44.5,0
증착,EQ-03,295.9,1011.4,51.76,95.87,4.88,51.4,0
세정,EQ-02,294.9,1020.5,52.71,100.41,5.1,43.9,0
식각,EQ-04,310.0,1015.3,49.76,102.29,5.02,45.6,0
포토,EQ-01,303.3,1015.8,53.38,103.27,5.39,46.2,0
증착,EQ-02,292.1,998.2,57.6,93.89,4.58,41.9,0
세정,EQ-02,296.8,1001.5,51.19,102.62,4.99,41.7,0
포토,EQ-03,302.2,1003.2,53.06,101.12,4.95,43.9,0
산화,EQ-03,301.1,1024.7,57.63,100.64,5.01,46.4,0
포토,EQ-04,304.1,999.2,48.75,106.18,4.84,38.6,1
세정,EQ-03,296.7,1011.7,51.42,99.71,4.81,49.8,1
세정,EQ-03,294.8,1008.3,50.26,98.62,5.26,36.3,0
산화,EQ-01,292.2,1020.8,50.57,95.63,5.06,45.8,1
산화,EQ-01,305.6,1005.6,48.48,101.9,5.4,40.0,0
산화,EQ-01,302.6,1001.4,52.82,103.67,4.17,50.0,0
증착,EQ-01,301.4,1027.9,48.27,98.08,5.05,39.1,0
증착,EQ-02,293.8,1017.6,55.57,93.27,4.62,46.1,0
포토,EQ-04,298.8,1000.2,47.74,99.19,4.96,46.9,0
증착,EQ-01,304.5,1027.4,54.03,98.15,4.66,37.4,0
세정,EQ-01,302.7,998.9,48.85,105.3,5.32,50.6,0
포토,EQ-01,298.4,1029.0,53.58,100.58,5.97,43.4,0
산화,EQ-02,290.5,1022.2,50.97,94.13,5.62,38.5,0
세정,EQ-01,295.2,1019.9,49.43,99.5,5.41,43.0,0
증착,EQ-02,299.0,1019.4,45.35,98.62,5.35,53.5,0
산화,EQ-02,303.9,1009.9,45.32,104.41,4.81,47.2,0
포토,EQ-04,302.5,1010.8,56.93,100.73,4.79,38.2,0
식각,EQ-03,294.8,1012.7,53.04,94.97,5.29,40.9,0
포토,EQ-01,294.6,1015.7,43.56,98.59,4.78,43.4,0
증착,EQ-03,306.4,1012.8,52.07,104.3,5.23,40.3,0
식각,EQ-02,296.5,995.9,52.17,96.44,5.41,49.0,0
세정,EQ-01,300.3,,47.73,101.0,5.4,50.0,0
세정,EQ-01,300.9,1004.4,46.42,101.48,4.78,44.3,0
포토,EQ-03,296.6,1012.3,47.15,95.11,4.85,43.5,1
식각,EQ-02,293.4,1023.3,48.98,96.34,5.56,43.3,1
세정,EQ-03,294.9,1015.9,46.69,98.12,5.46,48.1,0
산화,EQ-04,302.2,1025.6,50.27,101.31,4.58,43.9,0
포토,EQ-01,302.8,1019.3,50.31,104.67,4.82,36.0,0
산화,EQ-01,293.4,1011.8,48.85,94.91,4.61,43.8,1
식각,EQ-01,310.5,1025.2,48.67,105.13,4.71,52.3,0
포토,EQ-02,301.6,993.3,48.51,100.71,4.94,44.1,0
증착,EQ-02,291.8,1017.5,48.22,96.37,4.79,41.6,0
세정,EQ-02,295.1,993.2,52.84,99.29,5.21,48.2,0
증착,EQ-01,304.2,998.0,47.28,101.52,5.2,50.1,0
증착,EQ-03,295.4,1000.7,50.8,98.12,5.37,51.4,1
세정,EQ-04,294.2,1012.6,50.31,96.2,5.14,51.1,0
포토,EQ-02,303.2,1034.9,47.33,101.44,4.65,41.8,0
산화,EQ-02,301.4,1022.9,50.86,97.96,5.0,39.6,0
세정,EQ-04,305.8,1009.7,48.66,103.44,4.58,38.5,0
식각,EQ-03,301.8,1013.8,46.76,103.8,5.48,44.6,0
세정,EQ-02,302.2,1006.4,52.06,100.47,5.17,45.3,0
식각,EQ-01,302.4,991.8,48.29,102.47,5.07,36.9,0
세정,EQ-02,298.9,1015.0,51.99,98.93,5.02,45.9,0
세정,EQ-03,307.9,1021.5,49.02,104.32,4.33,46.5,0
포토,EQ-03,298.5,1008.2,45.79,97.66,4.33,42.2,0
포토,EQ-01,301.6,1021.0,51.83,102.16,4.82,46.0,0
식각,EQ-04,296.1,1000.1,50.6,95.55,5.1,51.3,0
식각,EQ-02,308.8,1029.1,50.88,103.51,4.74,50.7,0
식각,EQ-04,304.2,1023.4,47.77,105.59,4.7,39.2,0
세정,EQ-03,297.2,1001.9,52.05,99.98,5.35,45.9,0
산화,EQ-04,300.3,1023.7,48.83,100.95,5.23,49.6,0
산화,EQ-02,305.3,1020.5,46.37,101.93,4.89,49.9,1
증착,EQ-02,291.5,1008.3,50.29,94.22,4.26,47.6,0
포토,EQ-04,289.3,1023.4,48.52,94.22,4.72,45.3,0
식각,EQ-02,303.6,1002.6,50.45,102.96,4.19,43.9,0
식각,EQ-03,301.4,1011.4,47.36,102.99,5.25,47.5,0
산화,EQ-03,296.9,1014.0,47.15,97.4,4.74,43.5,0
산화,EQ-02,303.2,1016.5,48.99,102.62,4.63,,0
증착,EQ-03,292.5,1007.0,53.34,95.86,4.43,,1
산화,EQ-02,300.5,1009.5,51.48,97.3,5.21,46.5,0
세정,EQ-04,309.5,1003.5,51.37,103.07,5.01,39.4,0
증착,EQ-04,302.1,996.9,47.24,102.05,5.48,43.0,0
포토,EQ-01,297.9,1002.4,51.08,100.36,4.9,44.7,0
산화,EQ-04,302.5,1016.1,50.43,99.43,4.76,42.7,0
증착,EQ-03,305.3,1010.4,50.48,103.66,4.57,40.4,0
산화,EQ-04,299.5,995.7,51.53,101.37,4.92,41.9,0
포토,EQ-02,304.6,1011.5,44.49,102.06,4.39,44.7,0
산화,EQ-01,297.6,1028.9,47.89,99.02,5.26,44.3,0
세정,EQ-03,296.3,1002.1,51.15,96.59,5.5,40.4,0
세정,EQ-01,297.4,1010.5,54.86,96.12,5.54,47.4,0
포토,EQ-02,292.9,999.5,51.83,97.56,4.27,48.7,1
세정,EQ-03,307.8,1013.1,51.96,105.2,4.44,43.6,0
세정,EQ-01,301.2,999.6,56.88,103.9,4.54,39.7,0
포토,EQ-03,308.3,1022.5,52.14,103.43,4.82,39.0,0
식각,EQ-01,299.5,1019.0,49.42,97.09,5.51,47.1,1
식각,EQ-02,303.2,1002.4,51.33,102.16,4.19,42.5,0
식각,EQ-01,289.8,1014.5,47.18,94.48,5.39,45.4,1
산화,EQ-01,297.1,1019.3,44.29,99.51,5.42,47.4,0
포토,EQ-04,299.5,1009.9,50.9,102.38,4.87,40.3,0
세정,EQ-04,299.8,1001.5,49.06,99.79,4.42,47.2,0
산화,EQ-01,297.3,1016.3,55.89,97.36,5.06,50.8,0
증착,EQ-02,290.4,1028.1,54.41,93.29,4.55,42.9,0
세정,EQ-01,304.6,996.9,49.64,104.05,5.15,44.0,0
증착,EQ-03,300.7,1017.9,54.61,99.94,5.09,46.4,0
산화,EQ-03,302.7,1014.8,49.82,104.77,5.1,41.8,0
세정,EQ-01,300.9,1034.6,42.42,97.2,5.27,45.4,0
식각,EQ-03,300.9,1009.8,54.2,96.85,5.56,47.9,1
포토,EQ-02,297.6,1012.1,53.43,98.9,4.39,44.9,1
세정,EQ-04,306.0,1029.8,49.21,106.59,5.37,45.0,0
식각,EQ-03,294.7,998.2,40.61,98.7,4.27,50.0,0
식각,EQ-02,298.4,1010.6,49.53,97.73,5.81,44.1,0
식각,EQ-02,294.4,1014.7,46.04,93.05,4.96,46.6,0
증착,EQ-03,295.4,1003.5,51.71,100.74,5.39,48.1,0
세정,EQ-02,295.0,1038.0,50.79,93.95,5.47,41.4,1
세정,EQ-04,297.9,1023.2,50.72,97.28,5.19,42.3,1
증착,EQ-01,300.8,992.8,46.04,99.2,4.59,45.4,1
세정,EQ-03,297.2,1017.3,56.9,99.85,5.27,41.5,0
증착,EQ-03,298.0,1006.9,49.96,98.46,5.46,44.3,0
증착,EQ-03,303.3,1020.8,49.32,102.82,4.82,44.7,0
증착,EQ-01,301.9,1010.5,50.93,101.88,5.69,45.8,0
식각,EQ-03,300.5,1015.0,49.79,97.84,4.29,39.8,0
증착,EQ-03,299.8,1024.9,46.35,101.63,5.54,43.4,0
증착,EQ-01,296.3,1033.9,50.83,101.12,4.46,,0
증착,EQ-01,305.3,1010.9,47.21,103.66,4.65,40.0,0
식각,EQ-04,293.4,1000.1,51.46,98.96,5.42,52.0,0
증착,EQ-04,307.0,1015.2,47.4,103.65,4.78,43.3,1
세정,EQ-02,296.4,1004.9,50.44,101.09,5.35,49.5,0
세정,EQ-03,296.0,1001.6,50.87,96.04,4.91,43.2,0
식각,EQ-03,304.5,1021.6,54.67,98.38,4.8,44.1,0
산화,EQ-04,307.7,1016.9,55.57,102.42,5.25,43.5,1
증착,EQ-02,296.1,1001.3,52.24,98.43,5.44,40.0,0
포토,EQ-02,300.1,1021.3,46.01,98.38,4.66,38.5,1
식각,EQ-04,294.3,1014.1,52.25,100.11,4.86,41.5,0
포토,EQ-02,294.3,1014.8,53.98,93.73,4.32,46.1,1
증착,EQ-02,304.7,1012.6,45.98,99.22,4.21,43.6,0
산화,EQ-04,309.2,1028.1,50.28,102.3,5.5,48.9,1
산화,EQ-04,306.1,1018.6,47.3,99.33,5.38,40.0,1
식각,EQ-01,308.4,1005.7,48.77,102.49,5.2,47.7,0
세정,EQ-02,294.8,1032.6,47.59,97.03,5.23,52.1,0
식각,EQ-01,305.7,1001.3,51.6,108.12,5.42,42.4,0
세정,EQ-02,298.8,1015.5,51.92,95.89,4.19,43.9,1
세정,EQ-02,302.9,1020.2,47.77,100.23,5.08,44.2,0
증착,EQ-02,307.1,1027.2,49.26,107.24,5.08,46.2,0
포토,EQ-02,292.6,1009.4,49.72,96.36,5.56,49.6,1
포토,EQ-02,303.0,1012.9,49.45,105.42,5.57,50.3,0
산화,EQ-01,300.1,1022.6,53.21,102.24,3.89,44.1,0
식각,EQ-03,291.4,1017.3,54.5,94.26,5.05,44.6,0
세정,EQ-03,297.3,997.4,48.21,94.07,5.05,46.1,1
산화,EQ-04,301.5,1012.0,47.93,99.05,5.52,49.4,1
포토,EQ-04,296.9,1000.4,46.11,101.99,4.67,43.8,0
포토,EQ-01,306.2,1003.7,53.94,104.35,5.14,43.7,1
산화,EQ-02,302.7,1019.8,52.92,99.13,5.28,40.7,0
증착,EQ-03,298.6,1007.8,49.28,98.94,5.28,43.6,0
식각,EQ-02,298.4,1022.1,48.3,101.21,5.03,43.4,0
식각,EQ-03,303.1,1008.5,51.87,99.05,5.2,52.7,0
증착,EQ-03,302.2,1010.7,48.49,104.67,4.97,45.1,0
산화,EQ-02,289.8,1001.9,47.49,96.5,4.47,42.6,1
포토,EQ-02,298.6,1015.2,49.59,97.99,5.38,40.5,0
산화,EQ-01,304.8,1010.8,52.41,101.34,4.61,45.6,0
산화,EQ-03,288.8,1019.8,53.42,94.13,5.33,42.0,0
증착,EQ-04,303.5,1006.0,46.09,105.43,5.15,40.5,0
세정,EQ-02,291.3,1004.7,47.47,97.22,5.51,44.5,0
포토,EQ-03,292.0,1012.5,52.79,92.61,4.97,41.8,0
산화,EQ-04,296.7,1009.3,50.2,97.58,5.11,42.1,0
포토,EQ-02,301.5,995.6,49.2,100.84,5.59,48.3,0
산화,EQ-01,305.7,1027.6,52.32,99.25,5.74,44.0,1
산화,EQ-04,297.9,1016.4,47.65,98.2,5.15,41.1,0
식각,EQ-01,290.9,1013.5,55.57,95.06,4.69,41.1,0
식각,EQ-03,294.8,1024.1,55.26,98.4,4.79,48.5,0
산화,EQ-01,297.1,1012.6,48.27,97.3,4.79,42.5,0
포토,EQ-02,302.4,1014.0,54.21,103.88,4.99,50.1,0
세정,EQ-04,303.5,1011.7,49.95,107.41,4.77,42.7,0
식각,EQ-01,304.0,1022.0,47.94,99.73,5.16,43.4,0
식각,EQ-02,296.6,1027.5,50.97,98.67,3.33,49.2,0
세정,EQ-04,306.0,1009.0,47.55,105.11,5.42,39.5,0
증착,EQ-04,298.4,995.2,54.34,96.78,5.82,43.8,0
세정,EQ-01,297.4,1021.1,49.08,97.36,4.87,47.2,0
증착,EQ-04,294.9,1000.9,44.1,96.57,4.87,44.4,0
포토,EQ-03,297.0,1014.3,50.55,98.16,5.57,43.9,0
포토,EQ-02,304.0,1007.0,44.23,101.85,5.3,40.1,0
세정,EQ-04,296.0,991.0,50.88,94.68,4.51,51.9,0
세정,EQ-03,309.0,1013.6,53.79,105.29,5.7,45.1,1
산화,EQ-01,309.5,993.0,48.29,109.09,5.57,49.2,1
산화,EQ-03,302.7,1021.2,50.01,101.87,5.03,51.4,0
식각,EQ-02,290.3,1010.4,49.25,93.74,4.89,44.5,1
산화,EQ-03,293.6,999.8,54.25,94.06,5.75,35.9,1
포토,EQ-04,299.8,1012.9,53.94,102.8,5.54,38.7,1
세정,EQ-01,300.5,1026.1,43.22,101.04,4.59,42.4,0
산화,EQ-01,300.0,1027.9,49.91,101.77,5.12,42.5,0
산화,EQ-04,301.8,1013.4,49.57,98.23,4.86,41.8,0
세정,EQ-02,293.7,1033.6,51.62,94.35,5.66,45.4,1
산화,EQ-01,302.5,1007.2,52.69,101.58,5.45,40.2,0
식각,EQ-02,303.0,1003.3,53.35,101.8,4.62,42.2,0
포토,EQ-03,297.6,1013.0,49.25,99.11,4.88,48.5,0
세정,EQ-01,292.8,1020.4,48.74,95.39,5.28,43.8,1
식각,EQ-04,295.1,1015.5,48.38,94.94,4.75,46.7,0
산화,EQ-03,308.0,1013.2,49.66,107.28,5.54,45.0,1
증착,EQ-02,299.9,1023.0,49.83,101.51,5.28,44.2,0
세정,EQ-03,299.4,1007.0,49.15,103.18,4.3,48.4,1
세정,EQ-02,296.3,1034.9,50.31,102.05,4.62,52.1,0
포토,EQ-04,289.6,1033.6,46.7,94.02,4.97,41.5,0
세정,EQ-04,303.9,1008.6,53.21,100.85,5.13,43.4,0
산화,EQ-04,301.7,1002.4,50.98,101.23,4.5,45.3,0
증착,EQ-03,302.0,1014.0,50.16,101.55,4.82,41.9,0
세정,EQ-01,288.8,1011.0,46.18,93.52,4.49,39.8,0
세정,EQ-01,302.2,999.8,50.84,95.82,5.0,48.3,0
세정,EQ-02,304.8,1008.8,48.24,100.86,5.5,47.6,1
세정,EQ-01,302.6,1011.6,47.42,101.65,5.88,40.7,0
포토,EQ-04,295.3,1007.2,51.88,93.42,5.43,44.8,0
증착,EQ-03,299.3,1002.2,52.16,99.68,5.08,42.8,0
세정,EQ-04,311.0,1005.4,49.12,103.64,5.46,37.6,1
세정,EQ-01,301.2,1009.3,52.83,99.38,5.25,45.2,0
산화,EQ-03,300.5,1008.8,52.07,99.72,4.5,45.5,0
산화,EQ-04,298.6,1016.1,52.2,98.57,4.79,39.9,0
증착,EQ-04,310.1,1007.9,55.18,106.76,4.82,47.4,0
세정,EQ-02,303.8,1012.1,47.02,100.41,5.05,52.5,0
식각,EQ-04,304.3,1015.1,56.62,105.0,5.04,40.9,0
증착,EQ-01,295.1,1018.3,52.89,98.94,4.78,46.0,0
포토,EQ-01,298.0,1029.5,47.64,102.06,4.8,43.9,0
식각,EQ-02,299.3,1013.7,47.04,98.46,5.04,52.4,0
포토,EQ-01,295.0,1007.3,49.62,98.87,5.31,53.6,0
포토,EQ-03,302.0,1005.9,44.8,99.74,5.73,50.2,0
세정,EQ-03,296.5,995.4,44.37,98.77,5.31,45.2,0
세정,EQ-03,302.9,1019.6,46.49,100.22,4.95,41.6,0
세정,EQ-02,301.0,1016.2,49.78,100.62,5.13,48.2,0
산화,EQ-02,299.4,1002.6,47.33,95.08,4.6,43.4,0
세정,EQ-01,298.3,1019.5,47.86,101.74,5.48,48.7,0
식각,EQ-04,293.4,1021.8,54.1,97.39,4.82,44.9,0
포토,EQ-01,307.5,1012.5,51.91,105.87,4.6,52.1,1
포토,EQ-01,297.6,996.3,53.48,98.39,4.93,48.0,0
포토,EQ-04,303.9,1014.4,50.3,101.71,4.12,43.6,1
세정,EQ-02,300.1,1015.5,51.72,99.13,5.08,37.8,0
세정,EQ-03,303.7,1014.2,46.52,97.15,5.02,45.3,0
포토,EQ-03,296.6,1011.8,50.98,98.14,5.25,43.4,0
포토,EQ-02,294.4,1021.6,50.1,97.52,5.12,50.7,0
포토,EQ-02,306.5,1015.5,49.16,103.86,4.96,46.6,0
포토,EQ-04,306.9,1000.0,47.63,101.56,4.66,43.7,0
식각,EQ-03,301.8,987.5,46.49,102.19,4.62,43.9,0
증착,EQ-02,286.7,1013.5,50.66,94.02,5.24,46.9,1
세정,EQ-04,301.6,998.7,48.59,99.08,5.21,36.4,0
식각,EQ-04,305.8,999.6,56.16,104.31,4.96,49.0,0
산화,EQ-02,304.3,997.1,52.28,102.81,5.3,47.4,0
식각,EQ-04,296.9,1012.3,53.78,99.79,5.56,40.3,1
식각,EQ-03,304.8,997.2,46.87,102.52,5.01,44.6,0
산화,EQ-02,300.8,1023.5,50.92,102.76,4.93,37.2,0
포토,EQ-03,299.9,1015.4,49.15,95.83,4.74,51.0,0
산화,EQ-01,300.2,1007.2,48.23,98.55,4.87,45.8,0
세정,EQ-03,296.7,1021.5,56.64,98.27,4.59,44.3,0
포토,EQ-04,295.7,996.9,48.3,95.2,5.45,43.9,0
증착,EQ-02,298.2,1014.1,52.89,94.92,5.43,43.2,0
식각,EQ-02,297.4,1010.6,46.3,99.91,5.58,45.3,0
세정,EQ-01,295.6,1015.3,51.85,96.37,4.49,42.3,0
식각,EQ-02,304.9,,50.72,100.83,5.5,43.4,0
포토,EQ-01,299.6,1017.0,49.68,101.95,4.98,52.3,0
식각,EQ-04,301.5,1020.3,44.37,101.74,5.09,,0
식각,EQ-04,299.7,1010.9,52.52,103.25,5.13,43.4,0
식각,EQ-02,300.3,993.2,51.51,97.14,5.16,45.6,1
포토,EQ-04,292.2,992.0,46.75,95.78,5.52,47.7,1
포토,EQ-04,298.4,1003.7,54.14,97.67,4.95,46.5,0
포토,EQ-04,293.7,990.6,52.1,95.04,4.75,44.1,0
산화,EQ-03,,1020.3,44.72,99.43,4.81,38.7,0
포토,EQ-01,305.6,1021.8,55.72,105.32,5.39,48.6,0
세정,EQ-01,305.9,1017.4,53.22,101.72,5.19,49.3,0
산화,EQ-02,299.6,1022.7,45.66,99.45,5.13,48.9,0
증착,EQ-02,301.2,1006.6,52.98,101.4,6.12,,0
증착,EQ-02,301.6,995.4,53.27,101.12,5.17,46.6,0
증착,EQ-03,297.2,997.0,50.71,97.38,4.41,46.9,1
식각,EQ-01,303.7,1005.6,50.96,100.43,5.33,44.9,0
식각,EQ-01,297.7,1007.3,41.89,99.4,5.85,49.0,1
세정,EQ-02,289.9,1014.2,52.0,94.65,4.9,46.6,1
포토,EQ-02,298.8,1007.7,52.36,100.59,5.62,55.0,0
포토,EQ-03,300.5,1001.9,51.58,100.61,4.26,44.1,0
세정,EQ-03,300.0,993.1,47.63,97.22,5.13,44.3,1
증착,EQ-02,295.4,1025.9,50.75,98.18,4.76,39.7,0
식각,EQ-02,297.0,1023.7,46.78,98.91,5.67,35.2,0
산화,EQ-02,290.9,1003.0,45.95,92.77,5.45,44.7,0
식각,EQ-02,291.7,1012.3,47.94,95.75,5.18,41.4,0
증착,EQ-01,305.1,1006.3,48.72,100.82,4.68,37.6,0
세정,EQ-01,301.5,987.4,47.54,102.6,4.68,46.1,0
증착,EQ-04,302.7,1007.3,51.24,99.99,4.41,54.6,0
증착,EQ-04,292.9,1008.6,49.59,97.13,4.59,45.9,0
포토,EQ-02,300.1,1025.2,46.32,104.79,5.8,52.3,0
증착,EQ-01,301.2,1031.8,51.53,100.37,4.69,52.8,0
식각,EQ-02,308.8,1009.2,50.9,104.09,5.31,45.9,1
증착,EQ-04,293.8,1009.7,53.78,99.69,4.95,53.5,1
식각,EQ-03,296.5,1021.6,48.59,96.78,5.64,41.2,1
포토,EQ-03,296.9,992.9,50.67,96.32,4.82,42.5,0
포토,EQ-01,307.5,988.8,57.65,104.26,4.45,33.3,1
산화,EQ-01,295.0,994.7,53.35,97.47,4.91,40.6,0
세정,EQ-03,306.5,1023.7,53.12,104.4,4.58,44.9,0
증착,EQ-03,301.1,1027.3,49.43,102.03,5.61,52.5,0
증착,EQ-03,299.4,1016.5,48.85,100.15,5.12,36.9,0
증착,EQ-04,303.8,1009.8,56.44,103.58,4.72,,0
식각,EQ-03,295.3,1003.5,51.77,100.05,4.71,49.8,0
포토,EQ-02,297.7,1005.1,50.14,104.07,5.06,48.8,0
포토,EQ-02,298.4,1010.0,44.37,96.19,6.13,44.6,0
산화,EQ-01,291.4,1017.2,46.95,92.65,5.39,40.5,1
산화,EQ-04,293.9,1010.5,44.06,95.91,5.27,44.6,0
산화,EQ-04,297.0,992.0,56.08,99.31,4.42,40.3,1
포토,EQ-01,297.7,1012.5,49.61,97.54,5.19,45.2,1
포토,EQ-02,304.7,1023.7,47.36,101.91,4.56,46.5,0
포토,EQ-04,294.9,1015.2,47.02,97.9,5.09,44.7,0
세정,EQ-03,298.4,1000.0,51.82,98.47,5.12,45.5,0
식각,EQ-03,296.6,1006.7,49.78,99.21,5.35,42.9,0
증착,EQ-02,298.9,1017.4,51.14,94.53,5.3,41.8,0
식각,EQ-02,305.4,1008.9,53.12,107.77,5.05,45.7,0
식각,EQ-04,300.8,993.2,48.32,100.75,4.78,48.8,0
포토,EQ-03,305.1,1015.3,54.86,103.38,4.63,45.4,0
식각,EQ-02,302.7,999.3,54.75,104.2,4.88,32.8,0
포토,EQ-02,303.3,1015.3,52.24,100.6,5.03,40.7,0
세정,EQ-04,306.1,1019.8,53.57,101.25,5.22,44.3,1
증착,EQ-01,296.8,999.3,45.11,96.54,4.95,40.8,0
세정,EQ-02,299.4,1017.6,51.77,97.33,4.81,42.4,0
식각,EQ-02,298.5,1010.4,51.02,97.9,4.39,38.6,0
세정,EQ-01,305.5,1010.2,51.09,107.35,5.3,45.2,1
